Patient,Immunizing peptide ID,Immunizing peptide sequence,Gene,Gene Expression,Minimal epitope CD8+ response
1,1-IMP02,SPIKLVQKVASKIPFPDRITEESV,ZBED4,16.67,0
1,1-IMP03,NNSKKKWFLFQDSKKIQVEQPQ,PRTG,0.58,0
1,1-IMP04,DRSVLAKKLKFVTLVFRHGDRSPID,ACPP,1.27,1
1,1-IMP06,SHTQTTLFHTFYELLIQKNKHK,NLRC4,2.26,0
1,1-IMP07,TKRQVILLHTELERFLEYLPLRF,DCAKD,16.02,1
1,1-IMP08,EDSDKLFESKAELADHQKF,MECOM,1.33,0
1,1-IMP10,SHNELADSGIPENSFNVSSLVE,LUM,239.78,0
1,1-IMP11,RLVLGKFGDLTNNFSSPHAR,ADARB1,11.09,0
1,1-IMP12,RRGGALFASRPRFTPL,ARHGEF15,2.78,0
1,1-IMP17,LCPREEFLRLCKKIMMRSIQ,CASP5,1.02,n.d.
1,1-IMP18,PSTANYNSFSSAPMPQIPVASVTPT,PRRC2C,103.21,0
1,1-IMP19,SGSPPLRVSVGDFSQEFSPIQEAQQD,RUSC2,6.67,0
1,1-IMP26,LSPREEFLRLCKKIMMRSIQ,CASP5,1.02,n.d.
2,2-IMP02,RPAGRTQLLWTPAAPTAMAEVGPGHTP,ADM2,2.23,0
2,2-IMP03,WTPAAPTAMAEVGPGHTPAHPSQGAVPP,ADM2,2.23,0
2,2-IMP04,AAVRPEQRPAARGSRV,CCDC80,51.89,0
2,2-IMP06,PGGDSGELITDAHELGVAHPPGY,C14orf101,4.97,0
2,2-IMP07,VTSPKASPVTFPAAAFPTASPANKD,BAZ2A,38.85,0
2,2-IMP08,LENNANHDETSFLLPRKESNIVD,POLQ,2.27,0
2,2-IMP09,RGQIKLADFRLARLYSSEESR,CDK13,35.26,0
2,2-IMP12,KHLPGVNFPGNQWNPVEGILPS,C14orf101,4.97,0
2,2-IMP14,PAPPPAVPKEHPAPPAPPPASAPTP,PRRC2A,151.61,0
2,2-IMP15,LGETMGQVTEKLQPTYMEET,ITGA9,21.78,1
2,2-IMP16,PETGEIQVKTFLDREQRESYELKV,PCDH1,8.47,0
2,2-IMP19,TFPKKIQMLARDFLDEY,DDX3X,277.14,1
2,2-IMP20,EVVGGYTWPSGNIYQGYWAQGKR,JPH1,2.81,0
2,2-IMP23,PAHPSQGAVPPSRAAAEPHLKPSPSELQTA,ADM2,2.23,n.d.
2,2-IMP24,DEQGREAELARSGPSAAGPVRLKPGLVPGL,ADM2,2.23,n.d.
2,2-IMP28,TIKNSDKNVVLEHFG,RIF1,8.9,n.d.
2,2-IMP29,DGGRQHSGPRRHSGAGPKPSSSEWAVCWAP,ADM2,2.23,n.d.
3,3-IMP03,FCGTPDYIAPKIIAYQPYGKSVD,PRKCG,0.89,0
3,3-IMP04,RGRLPAGAVRTLLSQVNKVWDQSS,CIT,2.83,1
3,3-IMP06,DRASFLLTDYALSPDGSIRKATG,KCNC3,0.28,0
3,3-IMP07,SPGPRTAPRPGSQKQAGKDWQ,ENDOV,5.01,0
3,3-IMP14,HASHLQEHQRIYTGEKPFKCDT,ZNF234,5.21,0
3,3-IMP16,SLPSNVLSSLVLVPLHTTPK,DNASE1L1,13.58,0
3,3-IMP17,GHEHQPDMQKSLLRAAFFGKCFLDR,VPS16,36.88,1
3,3-IMP18,SSHYKFSKPALQSQSISLVQQS,FAM190A,0.54,0
3,3-IMP19,TRNSFALVPSLQRLMLRKVALKNVDSSPS,TLR3,5.13,0
3,3-IMP22,NLKAPRLLFAPEYGPKLKLRALEDRHS,TBC1D14,38.98,0
3,3-IMP25,TETVNHHYLLFQNTDLGSFHDLLR,GTF3C2,61.3,0
3,3-IMP26,EDLDANLRKLNFRLFVIRGQPAD,CRY1,39.59,0
3,3-IMP27,ERFWRNILLLSLHKGSLYPRIPGLGKE,CASP1,100.74,1
3,3-IMP30,ELQYRGRELRFNLIANQHLLAPGFVSETR,ADAMTS7,2.92,0
4,4-IMP01,STLPVISDSTTKRRWSALVIGL,DHX40,6.35,1
4,4-IMP02,KMQRRNDDKSILMHGLVSLRESSRG,DHX40,6.35,1
4,4-IMP03,TTVTHERKQAKVVNPPIQEVGKGARK,DHX40,6.35,0
4,4-IMP04,KGEKNGMTFSSTKDYVNNV,CCDC66,1.7,0
4,4-IMP08,SLTEESGGAVAFFPGNLSTSSSA,RPTOR,1.5,0
4,4-IMP10,DSYHLYAYHEELSATVPSQWKKIG,ATF7IP,4.93,0
4,4-IMP13,GHQKLPGKIHLFEAEFTQVAKKEPDG,ARHGAP29,1.91,0
4,4-IMP14,GDQYKATDFVADWAGTFKMVFTPKDGSG,IDH2,4.96,0
4,4-IMP15,TTPSGSAEYMASEVVEVFTDQAT,MKNK1,2.36,0
4,4-IMP17,PENDDLFMMPRIVDVTSLATEGG,MGA,4.04,0
4,4-IMP20,MSQDIKKADEQIESMTYSTERKT,ABCB5,5.34,0
4,4-IMP21,DGVSEEFWLVDLLPSTHYT,TNR,0.2,0
4,4-IMP25,RYNSTAATNEVSEVTVFSKSPVT,HLA-DQA1,43.37,0
4,4-IMP30,GRMSPSQFARVPGYVGSPLAAMNPK,PATL1,9.84,0
5,5-IMP01,SHHTHSYQRYSHPLFLPGHRLDPPI,MUC5B,0.03,0
5,5-IMP02,SHQIHSYQLYTHPLLHPWDHRD,MUC5B,0.03,0
5,5-IMP03,DKGHQFHVHPLLHSGDDLDP,MUC5B,0.03,0
5,5-IMP05,KLRTIPLSDNTIFRRICTIAKHLE,FAM200A,1.15,1
5,5-IMP07,ASATEPANDSLFSPGAANLFSTYLAR,ZFYVE26,10.43,0
5,5-IMP11,FPVVQSTEDVFPQGLPNEYAFVT,COL22A1,10.68,1
5,5-IMP12,AASAAAFPSQRTSWEFLQSLVSIKQEK,ZNF281,12.4,n.d.
5,5-IMP13,GSVLQFMPFTTVSELMKVSAMSSPKV,MED24,8.66,0
5,5-IMP14,NQVLASRYGIRGFSTIKIFQKGESPV,PDIA6,54.95,0
5,5-IMP16,ARLQSKEYPVIFKSIMRQRLISPQL,TBX4,0.84,1
5,5-IMP17,DVTGPHLYSIYLHGSTDKLPYVTMGS,PSMB7,23.45,0
5,5-IMP18,SHLASLKNNVSPVLRSHSFSDPSPKFA,MAP4K4,84.58,0
5,5-IMP22,TAQFAPSPGQPPALSPSYPGHRLPLQQG,ZMIZ2,8.44,0
5,5-IMP23,PASAKSRREFDKIELAYRR,GRIN2B,3.52,1
5,5-IMP24,MAGPKGFQYRALYPFRRER,PIK3R2,17.74,0
5,5-IMP25,SDAFSGLTALPQSILLFGP,FIGN,1.45,0
5,5-IMP26,STQHADLTIIDNIKEMNFLRRYK,CLEC2B,1.7,0
5,5-IMP28,LHTHYDYVSALHPVSTPSKEYTSA,CASC1,0.35,0
5,5-IMP29,SSPLGRANGRRFANPRDSFSAMGFQR,ADCK3,9.65,0
5,5-IMP30,EIHGKCENMTITSRGTTVTPTKETVSLG,OVGP1,0.64,0
6,6-IMP02,LNTGLFRIKFKEPLENLI,RALGAPB,37.52,1
6,6-IMP03,SPQSGGAATLAAQARLQPVHLDVWGEHERG,PISD,8.27,0
6,6-IMP04,GSGSQMPAWRTRGAISASSTQKTPTTRL,CADM4,14.27,0
6,6-IMP05,GLTRISIQRAQPLPPCLPSFRPPTALQGLS,TNS1,89.05,0
6,6-IMP06,SRLQTRKNKKLALSSTPSNIAPSD,MLL,45.97,0
6,6-IMP07,WCTEMKRVFGFPVHYTDVSNMS,DNMT3A,7.57,0
6,6-IMP08,GPLQLPVTRKNMPLPGVVKLPPLPGS,DTX4,12.79,0
6,6-IMP10,ALLQNVELRRNVLVSPTPLAN,NCOA6,20.76,0
6,6-IMP11,VNGISSQPQVPFYPNLQKSQYYSTV,DNMBP,9.56,0
6,6-IMP13,YLSHTLGAASSFMRPTVPPPQF,SETBP1,41.28,0
6,6-IMP17,SLRNNMFEISDRFIGIYKTYNITK,SMC4,34.73,0
6,6-IMP18,VTLNDMKARQKALVRERERQLA,FAM50B,4.82,1
6,6-IMP19,VKQLERGEASVVDFKKNLEYAAT,PDE1C,11.65,0
6,6-IMP21,TKLKSKAPHWTNCILHEYKNLSTS,KRIT1,43.27,0
6,6-IMP23,FAKGFRESDLNSWPVAPRPLLSV,TBX10,0.15,0
6,6-IMP24,HLLQKQTSIQSPSLYGNSSPPLNK,TP63,5.27,0
6,6-IMP25,STEVEPKESPHLARHRHLMKTLVKSLST,TEX2,23.4,0
6,6-IMP28,DGAWPVLLDKFVEWYKDKQMS,DCUN1D4,6.5,0
6,6-IMP29,SHKLESIKEITNFKDAKQLL,EEA1,50.9,0
6,6-IMP30,TGKPEMDFVRLAQLFARARPMGLF,ATP5J2-PTCD1,None,0
