Patient ID,Gene,Protein change,Immunizing peptide ID,Immunizing peptide,Binding peptide,HLA allele,Prediction method,Percentile rank
1,ACPP,p.E34K,1-IMP04,DRSVLAKKLKFVTLVFRHGDRSPID,LAKKLKFVTLVFRHG,HLA-DPA1*01:03/DPB1*04:01,NetMHCIIpan,1.64
1,ACPP,p.E34K,1-IMP04,DRSVLAKKLKFVTLVFRHGDRSPID,AKKLKFVTLVFRHGD,HLA-DPA1*01:03/DPB1*04:01,NetMHCIIpan,1.84
1,ACPP,p.E34K,1-IMP04,DRSVLAKKLKFVTLVFRHGDRSPID,VLAKKLKFVTLVFRH,HLA-DPA1*01:03/DPB1*04:01,NetMHCIIpan,2.01
1,ACPP,p.E34K,1-IMP04,DRSVLAKKLKFVTLVFRHGDRSPID,KKLKFVTLVFRHGDR,HLA-DPA1*01:03/DPB1*04:01,NetMHCIIpan,2.01
1,ACPP,p.E34K,1-IMP04,DRSVLAKKLKFVTLVFRHGDRSPID,KLKFVTLVFRHGDRS,HLA-DPA1*01:03/DPB1*04:01,NetMHCIIpan,3.27
1,ACPP,p.E34K,1-IMP04,DRSVLAKKLKFVTLVFRHGDRSPID,SVLAKKLKFVTLVFR,HLA-DPA1*01:03/DPB1*04:01,NetMHCIIpan,4.4
1,ACPP,p.E34K,1-IMP04,DRSVLAKKLKFVTLVFRHGDRSPID,LKFVTLVFRHGDRSP,HLA-DPA1*01:03/DPB1*04:01,NetMHCIIpan,5.79
1,ACPP,p.E34K,1-IMP04,DRSVLAKKLKFVTLVFRHGDRSPID,RSVLAKKLKFVTLVF,HLA-DPA1*01:03/DPB1*04:01,NetMHCIIpan,7.53
1,ACPP,p.E34K,1-IMP04,DRSVLAKKLKFVTLVFRHGDRSPID,LAKKLKFVTLVFRHG,HLA-DRB1*04:04,Consensus (smm/nn/sturniolo),8.02
1,ACPP,p.E34K,1-IMP04,DRSVLAKKLKFVTLVFRHGDRSPID,AKKLKFVTLVFRHGD,HLA-DRB1*04:04,Consensus (smm/nn/sturniolo),8.02
1,ACPP,p.E34K,1-IMP04,DRSVLAKKLKFVTLVFRHGDRSPID,KKLKFVTLVFRHGDR,HLA-DRB1*04:04,Consensus (smm/nn/sturniolo),8.02
1,ACPP,p.E34K,1-IMP04,DRSVLAKKLKFVTLVFRHGDRSPID,KLKFVTLVFRHGDRS,HLA-DRB1*04:04,Consensus (smm/nn/sturniolo),8.94
1,ACPP,p.E34K,1-IMP04,DRSVLAKKLKFVTLVFRHGDRSPID,LKFVTLVFRHGDRSP,HLA-DRB1*04:04,Consensus (smm/nn/sturniolo),9.12
1,ACPP,p.E34K,1-IMP04,DRSVLAKKLKFVTLVFRHGDRSPID,KLKFVTLVFRHGDRS,HLA-DRB1*04:01,Consensus (smm/nn/sturniolo),9.16
1,ACPP,p.E34K,1-IMP04,DRSVLAKKLKFVTLVFRHGDRSPID,SVLAKKLKFVTLVFR,HLA-DRB1*04:04,Consensus (smm/nn/sturniolo),9.22
1,ACPP,p.E34K,1-IMP04,DRSVLAKKLKFVTLVFRHGDRSPID,VLAKKLKFVTLVFRH,HLA-DRB1*04:04,Consensus (smm/nn/sturniolo),9.28
1,ACPP,p.E34K,1-IMP04,DRSVLAKKLKFVTLVFRHGDRSPID,KKLKFVTLVFRHGDR,HLA-DRB1*04:01,Consensus (smm/nn/sturniolo),9.56
1,PRTG,p.F1055L,1-IMP03,NNSKKKWFLFQDSKKIQVEQPQ,KKKWFLFQDSKKIQV,HLA-DRB1*04:01,Consensus (smm/nn/sturniolo),1.05
1,PRTG,p.F1055L,1-IMP03,NNSKKKWFLFQDSKKIQVEQPQ,KKWFLFQDSKKIQVE,HLA-DRB1*04:01,Consensus (smm/nn/sturniolo),1.51
1,PRTG,p.F1055L,1-IMP03,NNSKKKWFLFQDSKKIQVEQPQ,SKKKWFLFQDSKKIQ,HLA-DRB1*04:01,Consensus (smm/nn/sturniolo),1.56
1,PRTG,p.F1055L,1-IMP03,NNSKKKWFLFQDSKKIQVEQPQ,NSKKKWFLFQDSKKI,HLA-DRB1*04:01,Consensus (smm/nn/sturniolo),2.22
1,PRTG,p.F1055L,1-IMP03,NNSKKKWFLFQDSKKIQVEQPQ,KKKWFLFQDSKKIQV,HLA-DPA1*01:03/DPB1*04:01,NetMHCIIpan,3.37
1,PRTG,p.F1055L,1-IMP03,NNSKKKWFLFQDSKKIQVEQPQ,SKKKWFLFQDSKKIQ,HLA-DPA1*01:03/DPB1*04:01,NetMHCIIpan,3.47
1,PRTG,p.F1055L,1-IMP03,NNSKKKWFLFQDSKKIQVEQPQ,NSKKKWFLFQDSKKI,HLA-DPA1*01:03/DPB1*04:01,NetMHCIIpan,3.68
1,PRTG,p.F1055L,1-IMP03,NNSKKKWFLFQDSKKIQVEQPQ,KWFLFQDSKKIQVEQ,HLA-DRB1*04:01,Consensus (smm/nn/sturniolo),3.68
1,PRTG,p.F1055L,1-IMP03,NNSKKKWFLFQDSKKIQVEQPQ,KKWFLFQDSKKIQVE,HLA-DPA1*01:03/DPB1*04:01,NetMHCIIpan,5.02
1,PRTG,p.F1055L,1-IMP03,NNSKKKWFLFQDSKKIQVEQPQ,NNSKKKWFLFQDSKK,HLA-DPA1*01:03/DPB1*04:01,NetMHCIIpan,5.69
1,PRTG,p.F1055L,1-IMP03,NNSKKKWFLFQDSKKIQVEQPQ,WFLFQDSKKIQVEQP,HLA-DRB1*04:01,Consensus (smm/nn/sturniolo),8.31
1,PRTG,p.F1055L,1-IMP03,NNSKKKWFLFQDSKKIQVEQPQ,KWFLFQDSKKIQVEQ,HLA-DPA1*01:03/DPB1*04:01,NetMHCIIpan,8.37
1,ZBED4,p.S218F,1-IMP02,SPIKLVQKVASKIPFPDRITEESV,SPIKLVQKVASKIPF,HLA-DRB1*04:04,Consensus (smm/nn/sturniolo),5.53
1,ZBED4,p.S218F,1-IMP02,SPIKLVQKVASKIPFPDRITEESV,IKLVQKVASKIPFPD,HLA-DRB1*04:04,Consensus (smm/nn/sturniolo),5.53
1,ZBED4,p.S218F,1-IMP02,SPIKLVQKVASKIPFPDRITEESV,PIKLVQKVASKIPFP,HLA-DRB1*04:04,Consensus (smm/nn/sturniolo),6.11
1,DCAKD,p.S199F,1-IMP07,TKRQVILLHTELERFLEYLPLRF,HTELERFLEYLPLRF,HLA-DPA1*01:03/DPB1*04:01,NetMHCIIpan,0.36
1,DCAKD,p.S199F,1-IMP07,TKRQVILLHTELERFLEYLPLRF,VILLHTELERFLEYL,HLA-DPA1*01:03/DPB1*04:01,NetMHCIIpan,0.67
1,DCAKD,p.S199F,1-IMP07,TKRQVILLHTELERFLEYLPLRF,LLHTELERFLEYLPL,HLA-DPA1*01:03/DPB1*04:01,NetMHCIIpan,0.74
1,DCAKD,p.S199F,1-IMP07,TKRQVILLHTELERFLEYLPLRF,LHTELERFLEYLPLR,HLA-DPA1*01:03/DPB1*04:01,NetMHCIIpan,0.86
1,DCAKD,p.S199F,1-IMP07,TKRQVILLHTELERFLEYLPLRF,ILLHTELERFLEYLP,HLA-DPA1*01:03/DPB1*04:01,NetMHCIIpan,0.92
1,DCAKD,p.S199F,1-IMP07,TKRQVILLHTELERFLEYLPLRF,QVILLHTELERFLEY,HLA-DPA1*01:03/DPB1*04:01,NetMHCIIpan,1.12
1,DCAKD,p.S199F,1-IMP07,TKRQVILLHTELERFLEYLPLRF,RQVILLHTELERFLE,HLA-DPA1*01:03/DPB1*04:01,NetMHCIIpan,1.67
1,DCAKD,p.S199F,1-IMP07,TKRQVILLHTELERFLEYLPLRF,KRQVILLHTELERFL,HLA-DPA1*01:03/DPB1*04:01,NetMHCIIpan,1.76
1,DCAKD,p.S199F,1-IMP07,TKRQVILLHTELERFLEYLPLRF,KRQVILLHTELERFL,HLA-DRB1*04:04,Consensus (smm/nn/sturniolo),3.32
1,DCAKD,p.S199F,1-IMP07,TKRQVILLHTELERFLEYLPLRF,RQVILLHTELERFLE,HLA-DRB1*04:04,Consensus (smm/nn/sturniolo),3.38
1,DCAKD,p.S199F,1-IMP07,TKRQVILLHTELERFLEYLPLRF,TKRQVILLHTELERF,HLA-DRB1*04:04,Consensus (smm/nn/sturniolo),3.54
1,DCAKD,p.S199F,1-IMP07,TKRQVILLHTELERFLEYLPLRF,TKRQVILLHTELERF,HLA-DPA1*01:03/DPB1*04:01,NetMHCIIpan,4.07
1,DCAKD,p.S199F,1-IMP07,TKRQVILLHTELERFLEYLPLRF,QVILLHTELERFLEY,HLA-DRB1*04:04,Consensus (smm/nn/sturniolo),8.28
1,DCAKD,p.S199F,1-IMP07,TKRQVILLHTELERFLEYLPLRF,VILLHTELERFLEYL,HLA-DRB1*04:04,Consensus (smm/nn/sturniolo),9.49
1,DCAKD,p.S199F,1-IMP07,TKRQVILLHTELERFLEYLPLRF,KRQVILLHTELERFL,HLA-DRB1*04:01,Consensus (smm/nn/sturniolo),9.59
1,DCAKD,p.S199F,1-IMP07,TKRQVILLHTELERFLEYLPLRF,LLHTELERFLEYLPL,HLA-DQA1*03:01/DQB1*03:02,Consensus (comb.lib./smm/nn),9.76
1,DCAKD,p.S199F,1-IMP07,TKRQVILLHTELERFLEYLPLRF,VILLHTELERFLEYL,HLA-DQA1*03:01/DQB1*03:02,Consensus (comb.lib./smm/nn),9.79
1,DCAKD,p.S199F,1-IMP07,TKRQVILLHTELERFLEYLPLRF,RQVILLHTELERFLE,HLA-DRB1*04:01,Consensus (smm/nn/sturniolo),9.83
1,NLRC4,p.D368E,1-IMP06,SHTQTTLFHTFYELLIQKNKHK,HTQTTLFHTFYELLI,HLA-DPA1*01:03/DPB1*04:01,NetMHCIIpan,0.05
1,NLRC4,p.D368E,1-IMP06,SHTQTTLFHTFYELLIQKNKHK,TQTTLFHTFYELLIQ,HLA-DPA1*01:03/DPB1*04:01,NetMHCIIpan,0.05
1,NLRC4,p.D368E,1-IMP06,SHTQTTLFHTFYELLIQKNKHK,QTTLFHTFYELLIQK,HLA-DPA1*01:03/DPB1*04:01,NetMHCIIpan,0.05
1,NLRC4,p.D368E,1-IMP06,SHTQTTLFHTFYELLIQKNKHK,TTLFHTFYELLIQKN,HLA-DPA1*01:03/DPB1*04:01,NetMHCIIpan,0.06
1,NLRC4,p.D368E,1-IMP06,SHTQTTLFHTFYELLIQKNKHK,SHTQTTLFHTFYELL,HLA-DPA1*01:03/DPB1*04:01,NetMHCIIpan,0.07
1,NLRC4,p.D368E,1-IMP06,SHTQTTLFHTFYELLIQKNKHK,TLFHTFYELLIQKNK,HLA-DPA1*01:03/DPB1*04:01,NetMHCIIpan,0.08
1,NLRC4,p.D368E,1-IMP06,SHTQTTLFHTFYELLIQKNKHK,LFHTFYELLIQKNKH,HLA-DPA1*01:03/DPB1*04:01,NetMHCIIpan,0.32
1,NLRC4,p.D368E,1-IMP06,SHTQTTLFHTFYELLIQKNKHK,FHTFYELLIQKNKHK,HLA-DRB1*04:01,Consensus (smm/nn/sturniolo),2.89
1,NLRC4,p.D368E,1-IMP06,SHTQTTLFHTFYELLIQKNKHK,FHTFYELLIQKNKHK,HLA-DPA1*01:03/DPB1*04:01,NetMHCIIpan,2.93
1,NLRC4,p.D368E,1-IMP06,SHTQTTLFHTFYELLIQKNKHK,FHTFYELLIQKNKHK,HLA-DRB1*04:04,Consensus (smm/nn/sturniolo),3.36
1,NLRC4,p.D368E,1-IMP06,SHTQTTLFHTFYELLIQKNKHK,LFHTFYELLIQKNKH,HLA-DRB1*04:01,Consensus (smm/nn/sturniolo),6.09
1,NLRC4,p.D368E,1-IMP06,SHTQTTLFHTFYELLIQKNKHK,TLFHTFYELLIQKNK,HLA-DRB1*04:01,Consensus (smm/nn/sturniolo),6.1
1,NLRC4,p.D368E,1-IMP06,SHTQTTLFHTFYELLIQKNKHK,TTLFHTFYELLIQKN,HLA-DRB1*04:01,Consensus (smm/nn/sturniolo),7.57
1,ADARB1,p.D340N,1-IMP11,RLVLGKFGDLTNNFSSPHAR,RLVLGKFGDLTNNFS,HLA-DRB1*04:01,Consensus (smm/nn/sturniolo),1.33
1,ADARB1,p.D340N,1-IMP11,RLVLGKFGDLTNNFSSPHAR,LVLGKFGDLTNNFSS,HLA-DRB1*04:01,Consensus (smm/nn/sturniolo),1.33
1,ADARB1,p.D340N,1-IMP11,RLVLGKFGDLTNNFSSPHAR,VLGKFGDLTNNFSSP,HLA-DRB1*04:01,Consensus (smm/nn/sturniolo),1.33
1,ADARB1,p.D340N,1-IMP11,RLVLGKFGDLTNNFSSPHAR,LGKFGDLTNNFSSPH,HLA-DRB1*04:01,Consensus (smm/nn/sturniolo),1.33
1,ADARB1,p.D340N,1-IMP11,RLVLGKFGDLTNNFSSPHAR,GKFGDLTNNFSSPHA,HLA-DRB1*04:01,Consensus (smm/nn/sturniolo),1.33
1,ADARB1,p.D340N,1-IMP11,RLVLGKFGDLTNNFSSPHAR,KFGDLTNNFSSPHAR,HLA-DRB1*04:01,Consensus (smm/nn/sturniolo),1.9
1,ADARB1,p.D340N,1-IMP11,RLVLGKFGDLTNNFSSPHAR,RLVLGKFGDLTNNFS,HLA-DRB1*04:04,Consensus (smm/nn/sturniolo),2.44
1,ADARB1,p.D340N,1-IMP11,RLVLGKFGDLTNNFSSPHAR,LVLGKFGDLTNNFSS,HLA-DRB1*04:04,Consensus (smm/nn/sturniolo),2.44
1,ADARB1,p.D340N,1-IMP11,RLVLGKFGDLTNNFSSPHAR,VLGKFGDLTNNFSSP,HLA-DRB1*04:04,Consensus (smm/nn/sturniolo),2.44
1,ADARB1,p.D340N,1-IMP11,RLVLGKFGDLTNNFSSPHAR,LGKFGDLTNNFSSPH,HLA-DRB1*04:04,Consensus (smm/nn/sturniolo),2.44
1,ADARB1,p.D340N,1-IMP11,RLVLGKFGDLTNNFSSPHAR,GKFGDLTNNFSSPHA,HLA-DRB1*04:04,Consensus (smm/nn/sturniolo),2.44
1,ADARB1,p.D340N,1-IMP11,RLVLGKFGDLTNNFSSPHAR,KFGDLTNNFSSPHAR,HLA-DRB1*04:04,Consensus (smm/nn/sturniolo),3.39
1,CASP5,NeoORF,1-IMP26,LSPREEFLRLCKKIMMRSIQ,SPREEFLRLCKKIMM,HLA-DRB1*04:04,Consensus (smm/nn/sturniolo),7.05
1,CASP5,NeoORF,1-IMP26,LSPREEFLRLCKKIMMRSIQ,PREEFLRLCKKIMMR,HLA-DRB1*04:04,Consensus (smm/nn/sturniolo),7.05
1,CASP5,NeoORF,1-IMP26,LSPREEFLRLCKKIMMRSIQ,REEFLRLCKKIMMRS,HLA-DRB1*04:04,Consensus (smm/nn/sturniolo),7.05
1,CASP5,NeoORF,1-IMP26,LSPREEFLRLCKKIMMRSIQ,EEFLRLCKKIMMRSI,HLA-DRB1*04:04,Consensus (smm/nn/sturniolo),7.05
1,CASP5,NeoORF,1-IMP26,LSPREEFLRLCKKIMMRSIQ,EFLRLCKKIMMRSIQ,HLA-DRB1*04:04,Consensus (smm/nn/sturniolo),7.05
1,PRRC2C,p.S2300P,1-IMP18,PSTANYNSFSSAPMPQIPVASVTPT,STANYNSFSSAPMPQ,HLA-DRB1*04:01,Consensus (smm/nn/sturniolo),0.09
1,PRRC2C,p.S2300P,1-IMP18,PSTANYNSFSSAPMPQIPVASVTPT,TANYNSFSSAPMPQI,HLA-DRB1*04:01,Consensus (smm/nn/sturniolo),0.09
1,PRRC2C,p.S2300P,1-IMP18,PSTANYNSFSSAPMPQIPVASVTPT,ANYNSFSSAPMPQIP,HLA-DRB1*04:01,Consensus (smm/nn/sturniolo),0.09
1,PRRC2C,p.S2300P,1-IMP18,PSTANYNSFSSAPMPQIPVASVTPT,PSTANYNSFSSAPMP,HLA-DRB1*04:01,Consensus (smm/nn/sturniolo),0.14
1,PRRC2C,p.S2300P,1-IMP18,PSTANYNSFSSAPMPQIPVASVTPT,NYNSFSSAPMPQIPV,HLA-DRB1*04:01,Consensus (smm/nn/sturniolo),0.48
1,PRRC2C,p.S2300P,1-IMP18,PSTANYNSFSSAPMPQIPVASVTPT,YNSFSSAPMPQIPVA,HLA-DRB1*04:01,Consensus (smm/nn/sturniolo),0.54
1,PRRC2C,p.S2300P,1-IMP18,PSTANYNSFSSAPMPQIPVASVTPT,PSTANYNSFSSAPMP,HLA-DRB1*04:04,Consensus (smm/nn/sturniolo),3.08
1,PRRC2C,p.S2300P,1-IMP18,PSTANYNSFSSAPMPQIPVASVTPT,STANYNSFSSAPMPQ,HLA-DRB1*04:04,Consensus (smm/nn/sturniolo),3.08
1,PRRC2C,p.S2300P,1-IMP18,PSTANYNSFSSAPMPQIPVASVTPT,TANYNSFSSAPMPQI,HLA-DRB1*04:04,Consensus (smm/nn/sturniolo),3.08
1,PRRC2C,p.S2300P,1-IMP18,PSTANYNSFSSAPMPQIPVASVTPT,ANYNSFSSAPMPQIP,HLA-DRB1*04:04,Consensus (smm/nn/sturniolo),3.08
1,PRRC2C,p.S2300P,1-IMP18,PSTANYNSFSSAPMPQIPVASVTPT,NYNSFSSAPMPQIPV,HLA-DRB1*04:04,Consensus (smm/nn/sturniolo),3.08
1,PRRC2C,p.S2300P,1-IMP18,PSTANYNSFSSAPMPQIPVASVTPT,YNSFSSAPMPQIPVA,HLA-DRB1*04:04,Consensus (smm/nn/sturniolo),3.08
1,PRRC2C,p.S2300P,1-IMP18,PSTANYNSFSSAPMPQIPVASVTPT,SAPMPQIPVASVTPT,HLA-DRB1*04:04,Consensus (smm/nn/sturniolo),6.97
1,PRRC2C,p.S2300P,1-IMP18,PSTANYNSFSSAPMPQIPVASVTPT,FSSAPMPQIPVASVT,HLA-DRB1*04:04,Consensus (smm/nn/sturniolo),8.16
1,PRRC2C,p.S2300P,1-IMP18,PSTANYNSFSSAPMPQIPVASVTPT,SFSSAPMPQIPVASV,HLA-DRB1*04:04,Consensus (smm/nn/sturniolo),8.24
1,PRRC2C,p.S2300P,1-IMP18,PSTANYNSFSSAPMPQIPVASVTPT,SSAPMPQIPVASVTP,HLA-DRB1*04:04,Consensus (smm/nn/sturniolo),9.17
1,CASP5,NeoORF,1-IMP17,LCPREEFLRLCKKIMMRSIQ,CPREEFLRLCKKIMM,HLA-DRB1*04:04,Consensus (smm/nn/sturniolo),7.05
1,CASP5,NeoORF,1-IMP17,LCPREEFLRLCKKIMMRSIQ,PREEFLRLCKKIMMR,HLA-DRB1*04:04,Consensus (smm/nn/sturniolo),7.05
1,CASP5,NeoORF,1-IMP17,LCPREEFLRLCKKIMMRSIQ,REEFLRLCKKIMMRS,HLA-DRB1*04:04,Consensus (smm/nn/sturniolo),7.05
1,CASP5,NeoORF,1-IMP17,LCPREEFLRLCKKIMMRSIQ,EEFLRLCKKIMMRSI,HLA-DRB1*04:04,Consensus (smm/nn/sturniolo),7.05
1,CASP5,NeoORF,1-IMP17,LCPREEFLRLCKKIMMRSIQ,EFLRLCKKIMMRSIQ,HLA-DRB1*04:04,Consensus (smm/nn/sturniolo),7.05
1,LUM,p.G248E,1-IMP10,SHNELADSGIPENSFNVSSLVE,SGIPENSFNVSSLVE,HLA-DQA1*03:01/DQB1*03:02,Consensus (comb.lib./smm/nn),6.15
1,RUSC2,p.S569F,1-IMP19,SGSPPLRVSVGDFSQEFSPIQEAQQD,VGDFSQEFSPIQEAQ,HLA-DQA1*03:01/DQB1*03:02,Consensus (comb.lib./smm/nn),2.05
1,RUSC2,p.S569F,1-IMP19,SGSPPLRVSVGDFSQEFSPIQEAQQD,RVSVGDFSQEFSPIQ,HLA-DRB1*04:01,Consensus (smm/nn/sturniolo),2.16
1,RUSC2,p.S569F,1-IMP19,SGSPPLRVSVGDFSQEFSPIQEAQQD,VSVGDFSQEFSPIQE,HLA-DRB1*04:01,Consensus (smm/nn/sturniolo),2.16
1,RUSC2,p.S569F,1-IMP19,SGSPPLRVSVGDFSQEFSPIQEAQQD,SVGDFSQEFSPIQEA,HLA-DRB1*04:01,Consensus (smm/nn/sturniolo),2.16
1,RUSC2,p.S569F,1-IMP19,SGSPPLRVSVGDFSQEFSPIQEAQQD,VGDFSQEFSPIQEAQ,HLA-DRB1*04:01,Consensus (smm/nn/sturniolo),2.16
1,RUSC2,p.S569F,1-IMP19,SGSPPLRVSVGDFSQEFSPIQEAQQD,GDFSQEFSPIQEAQQ,HLA-DRB1*04:01,Consensus (smm/nn/sturniolo),2.16
1,RUSC2,p.S569F,1-IMP19,SGSPPLRVSVGDFSQEFSPIQEAQQD,GDFSQEFSPIQEAQQ,HLA-DQA1*03:01/DQB1*03:02,Consensus (comb.lib./smm/nn),2.22
1,RUSC2,p.S569F,1-IMP19,SGSPPLRVSVGDFSQEFSPIQEAQQD,DFSQEFSPIQEAQQD,HLA-DQA1*03:01/DQB1*03:02,Consensus (comb.lib./smm/nn),2.32
1,RUSC2,p.S569F,1-IMP19,SGSPPLRVSVGDFSQEFSPIQEAQQD,SVGDFSQEFSPIQEA,HLA-DQA1*03:01/DQB1*03:02,Consensus (comb.lib./smm/nn),2.46
1,RUSC2,p.S569F,1-IMP19,SGSPPLRVSVGDFSQEFSPIQEAQQD,VSVGDFSQEFSPIQE,HLA-DQA1*03:01/DQB1*03:02,Consensus (comb.lib./smm/nn),4.57
1,RUSC2,p.S569F,1-IMP19,SGSPPLRVSVGDFSQEFSPIQEAQQD,DFSQEFSPIQEAQQD,HLA-DRB1*04:01,Consensus (smm/nn/sturniolo),5.77
2,ADM2,NeoORF,2-IMP02,RPAGRTQLLWTPAAPTAMAEVGPGHTP,GRTQLLWTPAAPTAM,HLA-DRB1*07:01,Consensus (comb.lib./smm/nn),2.51
2,ADM2,NeoORF,2-IMP02,RPAGRTQLLWTPAAPTAMAEVGPGHTP,RTQLLWTPAAPTAMA,HLA-DRB1*07:01,Consensus (comb.lib./smm/nn),2.91
2,ADM2,NeoORF,2-IMP02,RPAGRTQLLWTPAAPTAMAEVGPGHTP,PAGRTQLLWTPAAPT,HLA-DRB1*07:01,Consensus (comb.lib./smm/nn),3.45
2,ADM2,NeoORF,2-IMP02,RPAGRTQLLWTPAAPTAMAEVGPGHTP,AGRTQLLWTPAAPTA,HLA-DRB1*07:01,Consensus (comb.lib./smm/nn),3.55
2,ADM2,NeoORF,2-IMP02,RPAGRTQLLWTPAAPTAMAEVGPGHTP,TQLLWTPAAPTAMAE,HLA-DRB1*07:01,Consensus (comb.lib./smm/nn),4.28
2,ADM2,NeoORF,2-IMP02,RPAGRTQLLWTPAAPTAMAEVGPGHTP,QLLWTPAAPTAMAEV,HLA-DRB1*07:01,Consensus (comb.lib./smm/nn),5.21
2,ADM2,NeoORF,2-IMP02,RPAGRTQLLWTPAAPTAMAEVGPGHTP,LLWTPAAPTAMAEVG,HLA-DRB1*07:01,Consensus (comb.lib./smm/nn),7.15
2,CDK13,p.G857R,2-IMP09,RGQIKLADFRLARLYSSEESR,QIKLADFRLARLYSS,HLA-DRB1*11:04,sturniolo,1.41
2,CDK13,p.G857R,2-IMP09,RGQIKLADFRLARLYSSEESR,IKLADFRLARLYSSE,HLA-DRB1*11:04,sturniolo,1.41
2,CDK13,p.G857R,2-IMP09,RGQIKLADFRLARLYSSEESR,KLADFRLARLYSSEE,HLA-DRB1*11:04,sturniolo,1.41
2,CDK13,p.G857R,2-IMP09,RGQIKLADFRLARLYSSEESR,LADFRLARLYSSEES,HLA-DRB1*11:04,sturniolo,1.41
2,CDK13,p.G857R,2-IMP09,RGQIKLADFRLARLYSSEESR,ADFRLARLYSSEESR,HLA-DRB1*11:04,sturniolo,1.41
2,CDK13,p.G857R,2-IMP09,RGQIKLADFRLARLYSSEESR,QIKLADFRLARLYSS,HLA-DPA1*01:03/DPB1*04:01,NetMHCIIpan,3.92
2,CDK13,p.G857R,2-IMP09,RGQIKLADFRLARLYSSEESR,RGQIKLADFRLARLY,HLA-DPA1*01:03/DPB1*04:01,NetMHCIIpan,3.93
2,CDK13,p.G857R,2-IMP09,RGQIKLADFRLARLYSSEESR,GQIKLADFRLARLYS,HLA-DPA1*01:03/DPB1*04:01,NetMHCIIpan,3.93
2,CDK13,p.G857R,2-IMP09,RGQIKLADFRLARLYSSEESR,IKLADFRLARLYSSE,HLA-DPA1*01:03/DPB1*04:01,NetMHCIIpan,4.95
2,CDK13,p.G857R,2-IMP09,RGQIKLADFRLARLYSSEESR,KLADFRLARLYSSEE,HLA-DPA1*01:03/DPB1*04:01,NetMHCIIpan,8.33
2,CDK13,p.G857R,2-IMP09,RGQIKLADFRLARLYSSEESR,QIKLADFRLARLYSS,HLA-DRB1*07:01,Consensus (comb.lib./smm/nn),9.23
2,CDK13,p.G857R,2-IMP09,RGQIKLADFRLARLYSSEESR,RGQIKLADFRLARLY,HLA-DRB1*11:04,sturniolo,9.34
2,CDK13,p.G857R,2-IMP09,RGQIKLADFRLARLYSSEESR,GQIKLADFRLARLYS,HLA-DRB1*11:04,sturniolo,9.34
2,CDK13,p.G857R,2-IMP09,RGQIKLADFRLARLYSSEESR,KLADFRLARLYSSEE,HLA-DRB1*07:01,Consensus (comb.lib./smm/nn),9.74
2,CDK13,p.G857R,2-IMP09,RGQIKLADFRLARLYSSEESR,IKLADFRLARLYSSE,HLA-DRB1*07:01,Consensus (comb.lib./smm/nn),9.79
2,CDK13,p.G857R,2-IMP09,RGQIKLADFRLARLYSSEESR,LADFRLARLYSSEES,HLA-DRB1*07:01,Consensus (comb.lib./smm/nn),9.84
2,ADM2,NeoORF,2-IMP24,DEQGREAELARSGPSAAGPVRLKPGLVPGL,PSAAGPVRLKPGLVP,HLA-DRB1*11:04,sturniolo,2.3
2,ADM2,NeoORF,2-IMP24,DEQGREAELARSGPSAAGPVRLKPGLVPGL,SAAGPVRLKPGLVPG,HLA-DRB1*11:04,sturniolo,2.3
2,ADM2,NeoORF,2-IMP24,DEQGREAELARSGPSAAGPVRLKPGLVPGL,AAGPVRLKPGLVPGL,HLA-DRB1*11:04,sturniolo,2.3
2,CCDC80,NeoORF,2-IMP04,AAVRPEQRPAARGSRV,AAVRPEQRPAARGSR,HLA-DRB1*11:04,sturniolo,3.57
2,CCDC80,NeoORF,2-IMP04,AAVRPEQRPAARGSRV,AVRPEQRPAARGSRV,HLA-DRB1*11:04,sturniolo,3.57
2,DDX3X,p.E388K,2-IMP19,TFPKKIQMLARDFLDEY,TFPKKIQMLARDFLD,HLA-DRB1*11:04,sturniolo,6.37
2,DDX3X,p.E388K,2-IMP19,TFPKKIQMLARDFLDEY,FPKKIQMLARDFLDE,HLA-DRB1*11:04,sturniolo,6.37
2,DDX3X,p.E388K,2-IMP19,TFPKKIQMLARDFLDEY,PKKIQMLARDFLDEY,HLA-DRB1*11:04,sturniolo,6.37
2,DDX3X,p.E388K,2-IMP19,TFPKKIQMLARDFLDEY,PKKIQMLARDFLDEY,HLA-DPA1*01:03/DPB1*04:01,NetMHCIIpan,8.92
2,PCDH1,p.S569F,2-IMP16,PETGEIQVKTFLDREQRESYELKV,PETGEIQVKTFLDRE,HLA-DRB1*11:04,sturniolo,9.34
2,PCDH1,p.S569F,2-IMP16,PETGEIQVKTFLDREQRESYELKV,ETGEIQVKTFLDREQ,HLA-DRB1*11:04,sturniolo,9.34
2,PCDH1,p.S569F,2-IMP16,PETGEIQVKTFLDREQRESYELKV,TGEIQVKTFLDREQR,HLA-DRB1*11:04,sturniolo,9.34
2,PCDH1,p.S569F,2-IMP16,PETGEIQVKTFLDREQRESYELKV,GEIQVKTFLDREQRE,HLA-DRB1*11:04,sturniolo,9.34
2,PCDH1,p.S569F,2-IMP16,PETGEIQVKTFLDREQRESYELKV,EIQVKTFLDREQRES,HLA-DRB1*11:04,sturniolo,9.34
2,PCDH1,p.S569F,2-IMP16,PETGEIQVKTFLDREQRESYELKV,IQVKTFLDREQRESY,HLA-DRB1*11:04,sturniolo,9.34
2,C14orf101,p.A59D,2-IMP06,PGGDSGELITDAHELGVAHPPGY,ITDAHELGVAHPPGY,HLA-DRB1*11:04,sturniolo,8.81
2,JPH1,p.T59I,2-IMP20,EVVGGYTWPSGNIYQGYWAQGKR,EVVGGYTWPSGNIYQ,HLA-DRB1*11:04,sturniolo,3.58
2,JPH1,p.T59I,2-IMP20,EVVGGYTWPSGNIYQGYWAQGKR,VVGGYTWPSGNIYQG,HLA-DRB1*11:04,sturniolo,3.58
2,RIF1,NeoORF,2-IMP28,TIKNSDKNVVLEHFG,TIKNSDKNVVLEHFG,HLA-DRB1*11:04,sturniolo,8.29
3,TLR3,p.R489K,3-IMP19,TRNSFALVPSLQRLMLRKVALKNVDSSPS,RNSFALVPSLQRLML,HLA-DRB1*07:01,Consensus (comb.lib./smm/nn),1.72
3,TLR3,p.R489K,3-IMP19,TRNSFALVPSLQRLMLRKVALKNVDSSPS,TRNSFALVPSLQRLM,HLA-DRB1*07:01,Consensus (comb.lib./smm/nn),2.27
3,TLR3,p.R489K,3-IMP19,TRNSFALVPSLQRLMLRKVALKNVDSSPS,RNSFALVPSLQRLML,HLA-DPA1*01:03/DPB1*04:01,NetMHCIIpan,2.38
3,TLR3,p.R489K,3-IMP19,TRNSFALVPSLQRLMLRKVALKNVDSSPS,NSFALVPSLQRLMLR,HLA-DRB1*07:01,Consensus (comb.lib./smm/nn),2.44
3,TLR3,p.R489K,3-IMP19,TRNSFALVPSLQRLMLRKVALKNVDSSPS,SFALVPSLQRLMLRK,HLA-DRB1*07:01,Consensus (comb.lib./smm/nn),3.1
3,TLR3,p.R489K,3-IMP19,TRNSFALVPSLQRLMLRKVALKNVDSSPS,NSFALVPSLQRLMLR,HLA-DPA1*01:03/DPB1*04:01,NetMHCIIpan,3.34
3,TLR3,p.R489K,3-IMP19,TRNSFALVPSLQRLMLRKVALKNVDSSPS,FALVPSLQRLMLRKV,HLA-DRB1*07:01,Consensus (comb.lib./smm/nn),3.35
3,TLR3,p.R489K,3-IMP19,TRNSFALVPSLQRLMLRKVALKNVDSSPS,SFALVPSLQRLMLRK,HLA-DPA1*01:03/DPB1*04:01,NetMHCIIpan,3.71
3,TLR3,p.R489K,3-IMP19,TRNSFALVPSLQRLMLRKVALKNVDSSPS,TRNSFALVPSLQRLM,HLA-DPA1*01:03/DPB1*04:01,NetMHCIIpan,4.02
3,TLR3,p.R489K,3-IMP19,TRNSFALVPSLQRLMLRKVALKNVDSSPS,FALVPSLQRLMLRKV,HLA-DPA1*01:03/DPB1*04:01,NetMHCIIpan,4.95
3,TLR3,p.R489K,3-IMP19,TRNSFALVPSLQRLMLRKVALKNVDSSPS,SLQRLMLRKVALKNV,HLA-DRB1*07:01,Consensus (comb.lib./smm/nn),5.34
3,TLR3,p.R489K,3-IMP19,TRNSFALVPSLQRLMLRKVALKNVDSSPS,LQRLMLRKVALKNVD,HLA-DRB1*07:01,Consensus (comb.lib./smm/nn),5.34
3,TLR3,p.R489K,3-IMP19,TRNSFALVPSLQRLMLRKVALKNVDSSPS,QRLMLRKVALKNVDS,HLA-DRB1*07:01,Consensus (comb.lib./smm/nn),5.34
3,TLR3,p.R489K,3-IMP19,TRNSFALVPSLQRLMLRKVALKNVDSSPS,RLMLRKVALKNVDSS,HLA-DRB1*07:01,Consensus (comb.lib./smm/nn),5.34
3,TLR3,p.R489K,3-IMP19,TRNSFALVPSLQRLMLRKVALKNVDSSPS,LMLRKVALKNVDSSP,HLA-DRB1*07:01,Consensus (comb.lib./smm/nn),5.34
3,TLR3,p.R489K,3-IMP19,TRNSFALVPSLQRLMLRKVALKNVDSSPS,VPSLQRLMLRKVALK,HLA-DRB1*07:01,Consensus (comb.lib./smm/nn),5.36
3,TLR3,p.R489K,3-IMP19,TRNSFALVPSLQRLMLRKVALKNVDSSPS,PSLQRLMLRKVALKN,HLA-DRB1*07:01,Consensus (comb.lib./smm/nn),5.76
3,TLR3,p.R489K,3-IMP19,TRNSFALVPSLQRLMLRKVALKNVDSSPS,RNSFALVPSLQRLML,HLA-DRB1*01:01,Consensus (comb.lib./smm/nn),7.47
3,TLR3,p.R489K,3-IMP19,TRNSFALVPSLQRLMLRKVALKNVDSSPS,TRNSFALVPSLQRLM,HLA-DRB1*01:01,Consensus (comb.lib./smm/nn),8.17
3,TLR3,p.R489K,3-IMP19,TRNSFALVPSLQRLMLRKVALKNVDSSPS,NSFALVPSLQRLMLR,HLA-DRB1*01:01,Consensus (comb.lib./smm/nn),8.17
3,FAM190A,p.V195A,3-IMP18,SSHYKFSKPALQSQSISLVQQS,YKFSKPALQSQSISL,HLA-DRB1*07:01,Consensus (comb.lib./smm/nn),2.05
3,FAM190A,p.V195A,3-IMP18,SSHYKFSKPALQSQSISLVQQS,SSHYKFSKPALQSQS,HLA-DRB1*07:01,Consensus (comb.lib./smm/nn),3.12
3,FAM190A,p.V195A,3-IMP18,SSHYKFSKPALQSQSISLVQQS,KFSKPALQSQSISLV,HLA-DRB1*07:01,Consensus (comb.lib./smm/nn),3.35
3,FAM190A,p.V195A,3-IMP18,SSHYKFSKPALQSQSISLVQQS,SHYKFSKPALQSQSI,HLA-DRB1*07:01,Consensus (comb.lib./smm/nn),3.59
3,FAM190A,p.V195A,3-IMP18,SSHYKFSKPALQSQSISLVQQS,HYKFSKPALQSQSIS,HLA-DRB1*07:01,Consensus (comb.lib./smm/nn),4.51
3,FAM190A,p.V195A,3-IMP18,SSHYKFSKPALQSQSISLVQQS,FSKPALQSQSISLVQ,HLA-DRB1*07:01,Consensus (comb.lib./smm/nn),4.73
3,FAM190A,p.V195A,3-IMP18,SSHYKFSKPALQSQSISLVQQS,SKPALQSQSISLVQQ,HLA-DRB1*07:01,Consensus (comb.lib./smm/nn),7
3,FAM190A,p.V195A,3-IMP18,SSHYKFSKPALQSQSISLVQQS,SHYKFSKPALQSQSI,HLA-DRB1*01:01,Consensus (comb.lib./smm/nn),8.47
3,FAM190A,p.V195A,3-IMP18,SSHYKFSKPALQSQSISLVQQS,SSHYKFSKPALQSQS,HLA-DRB1*01:01,Consensus (comb.lib./smm/nn),9.11
3,FAM190A,p.V195A,3-IMP18,SSHYKFSKPALQSQSISLVQQS,HYKFSKPALQSQSIS,HLA-DRB1*01:01,Consensus (comb.lib./smm/nn),9.11
3,GTF3C2,p.D811N,3-IMP25,TETVNHHYLLFQNTDLGSFHDLLR,ETVNHHYLLFQNTDL,HLA-DRB1*07:01,Consensus (comb.lib./smm/nn),3.35
3,GTF3C2,p.D811N,3-IMP25,TETVNHHYLLFQNTDLGSFHDLLR,TVNHHYLLFQNTDLG,HLA-DRB1*07:01,Consensus (comb.lib./smm/nn),5.08
3,GTF3C2,p.D811N,3-IMP25,TETVNHHYLLFQNTDLGSFHDLLR,VNHHYLLFQNTDLGS,HLA-DRB1*07:01,Consensus (comb.lib./smm/nn),6.58
3,GTF3C2,p.D811N,3-IMP25,TETVNHHYLLFQNTDLGSFHDLLR,NHHYLLFQNTDLGSF,HLA-DRB1*07:01,Consensus (comb.lib./smm/nn),7.17
3,GTF3C2,p.D811N,3-IMP25,TETVNHHYLLFQNTDLGSFHDLLR,ETVNHHYLLFQNTDL,HLA-DPA1*01:03/DPB1*04:01,NetMHCIIpan,7.44
3,GTF3C2,p.D811N,3-IMP25,TETVNHHYLLFQNTDLGSFHDLLR,NHHYLLFQNTDLGSF,HLA-DPA1*01:03/DPB1*04:01,NetMHCIIpan,8.33
3,GTF3C2,p.D811N,3-IMP25,TETVNHHYLLFQNTDLGSFHDLLR,TVNHHYLLFQNTDLG,HLA-DPA1*01:03/DPB1*04:01,NetMHCIIpan,8.36
3,GTF3C2,p.D811N,3-IMP25,TETVNHHYLLFQNTDLGSFHDLLR,VNHHYLLFQNTDLGS,HLA-DPA1*01:03/DPB1*04:01,NetMHCIIpan,8.37
3,GTF3C2,p.D811N,3-IMP25,TETVNHHYLLFQNTDLGSFHDLLR,TVNHHYLLFQNTDLG,HLA-DQA1*01:01/DQB1*05:01,Consensus (comb.lib./smm/nn),8.68
3,GTF3C2,p.D811N,3-IMP25,TETVNHHYLLFQNTDLGSFHDLLR,ETVNHHYLLFQNTDL,HLA-DQA1*01:01/DQB1*05:01,Consensus (comb.lib./smm/nn),8.76
3,GTF3C2,p.D811N,3-IMP25,TETVNHHYLLFQNTDLGSFHDLLR,LFQNTDLGSFHDLLR,HLA-DQA1*01:01/DQB1*05:01,Consensus (comb.lib./smm/nn),8.85
3,GTF3C2,p.D811N,3-IMP25,TETVNHHYLLFQNTDLGSFHDLLR,VNHHYLLFQNTDLGS,HLA-DQA1*01:01/DQB1*05:01,Consensus (comb.lib./smm/nn),8.88
3,GTF3C2,p.D811N,3-IMP25,TETVNHHYLLFQNTDLGSFHDLLR,HHYLLFQNTDLGSFH,HLA-DRB1*07:01,Consensus (comb.lib./smm/nn),9.73
3,GTF3C2,p.D811N,3-IMP25,TETVNHHYLLFQNTDLGSFHDLLR,HHYLLFQNTDLGSFH,HLA-DPA1*01:03/DPB1*04:01,NetMHCIIpan,9.78
3,KCNC3,p.P715L,3-IMP06,DRASFLLTDYALSPDGSIRKATG,DRASFLLTDYALSPD,HLA-DPA1*01:03/DPB1*04:01,NetMHCIIpan,1.57
3,KCNC3,p.P715L,3-IMP06,DRASFLLTDYALSPDGSIRKATG,RASFLLTDYALSPDG,HLA-DPA1*01:03/DPB1*04:01,NetMHCIIpan,1.91
3,KCNC3,p.P715L,3-IMP06,DRASFLLTDYALSPDGSIRKATG,DRASFLLTDYALSPD,HLA-DQA1*01:01/DQB1*05:01,Consensus (comb.lib./smm/nn),2.24
3,KCNC3,p.P715L,3-IMP06,DRASFLLTDYALSPDGSIRKATG,RASFLLTDYALSPDG,HLA-DQA1*01:01/DQB1*05:01,Consensus (comb.lib./smm/nn),2.61
3,KCNC3,p.P715L,3-IMP06,DRASFLLTDYALSPDGSIRKATG,ASFLLTDYALSPDGS,HLA-DPA1*01:03/DPB1*04:01,NetMHCIIpan,3.41
3,KCNC3,p.P715L,3-IMP06,DRASFLLTDYALSPDGSIRKATG,ASFLLTDYALSPDGS,HLA-DQA1*01:01/DQB1*05:01,Consensus (comb.lib./smm/nn),4.69
3,KCNC3,p.P715L,3-IMP06,DRASFLLTDYALSPDGSIRKATG,SFLLTDYALSPDGSI,HLA-DPA1*01:03/DPB1*04:01,NetMHCIIpan,4.9
3,CASP1,p.P172S,3-IMP27,ERFWRNILLLSLHKGSLYPRIPGLGKE,ERFWRNILLLSLHKG,HLA-DPA1*01:03/DPB1*04:01,NetMHCIIpan,1.77
3,CASP1,p.P172S,3-IMP27,ERFWRNILLLSLHKGSLYPRIPGLGKE,RFWRNILLLSLHKGS,HLA-DPA1*01:03/DPB1*04:01,NetMHCIIpan,3.36
3,CASP1,p.P172S,3-IMP27,ERFWRNILLLSLHKGSLYPRIPGLGKE,WRNILLLSLHKGSLY,HLA-DRB1*07:01,Consensus (comb.lib./smm/nn),4.19
3,CASP1,p.P172S,3-IMP27,ERFWRNILLLSLHKGSLYPRIPGLGKE,ERFWRNILLLSLHKG,HLA-DRB1*07:01,Consensus (comb.lib./smm/nn),5.85
3,CASP1,p.P172S,3-IMP27,ERFWRNILLLSLHKGSLYPRIPGLGKE,RFWRNILLLSLHKGS,HLA-DRB1*07:01,Consensus (comb.lib./smm/nn),5.85
3,CASP1,p.P172S,3-IMP27,ERFWRNILLLSLHKGSLYPRIPGLGKE,RNILLLSLHKGSLYP,HLA-DRB1*07:01,Consensus (comb.lib./smm/nn),6.12
3,CASP1,p.P172S,3-IMP27,ERFWRNILLLSLHKGSLYPRIPGLGKE,FWRNILLLSLHKGSL,HLA-DPA1*01:03/DPB1*04:01,NetMHCIIpan,8.61
3,CASP1,p.P172S,3-IMP27,ERFWRNILLLSLHKGSLYPRIPGLGKE,NILLLSLHKGSLYPR,HLA-DRB1*07:01,Consensus (comb.lib./smm/nn),9
3,CIT,p.P2056L,3-IMP04,RGRLPAGAVRTLLSQVNKVWDQSS,AGAVRTLLSQVNKVW,HLA-DRB1*01:01,Consensus (comb.lib./smm/nn),10
3,VPS16,p.S404F,3-IMP17,GHEHQPDMQKSLLRAAFFGKCFLDR,SLLRAAFFGKCFLDR,HLA-DPA1*01:03/DPB1*04:01,NetMHCIIpan,0.79
3,VPS16,p.S404F,3-IMP17,GHEHQPDMQKSLLRAAFFGKCFLDR,KSLLRAAFFGKCFLD,HLA-DPA1*01:03/DPB1*04:01,NetMHCIIpan,1.82
3,VPS16,p.S404F,3-IMP17,GHEHQPDMQKSLLRAAFFGKCFLDR,QKSLLRAAFFGKCFL,HLA-DPA1*01:03/DPB1*04:01,NetMHCIIpan,2.1
3,VPS16,p.S404F,3-IMP17,GHEHQPDMQKSLLRAAFFGKCFLDR,MQKSLLRAAFFGKCF,HLA-DPA1*01:03/DPB1*04:01,NetMHCIIpan,4.4
3,VPS16,p.S404F,3-IMP17,GHEHQPDMQKSLLRAAFFGKCFLDR,DMQKSLLRAAFFGKC,HLA-DPA1*01:03/DPB1*04:01,NetMHCIIpan,6.49
3,VPS16,p.S404F,3-IMP17,GHEHQPDMQKSLLRAAFFGKCFLDR,PDMQKSLLRAAFFGK,HLA-DPA1*01:03/DPB1*04:01,NetMHCIIpan,9.43
3,ADAMTS7,p.T96I,3-IMP30,ELQYRGRELRFNLIANQHLLAPGFVSETR,GRELRFNLIANQHLL,HLA-DRB1*07:01,Consensus (comb.lib./smm/nn),0.06
3,ADAMTS7,p.T96I,3-IMP30,ELQYRGRELRFNLIANQHLLAPGFVSETR,RELRFNLIANQHLLA,HLA-DRB1*07:01,Consensus (comb.lib./smm/nn),0.06
3,ADAMTS7,p.T96I,3-IMP30,ELQYRGRELRFNLIANQHLLAPGFVSETR,ELRFNLIANQHLLAP,HLA-DRB1*07:01,Consensus (comb.lib./smm/nn),0.08
3,ADAMTS7,p.T96I,3-IMP30,ELQYRGRELRFNLIANQHLLAPGFVSETR,LRFNLIANQHLLAPG,HLA-DRB1*07:01,Consensus (comb.lib./smm/nn),0.11
3,ADAMTS7,p.T96I,3-IMP30,ELQYRGRELRFNLIANQHLLAPGFVSETR,RGRELRFNLIANQHL,HLA-DRB1*07:01,Consensus (comb.lib./smm/nn),0.13
3,ADAMTS7,p.T96I,3-IMP30,ELQYRGRELRFNLIANQHLLAPGFVSETR,RFNLIANQHLLAPGF,HLA-DRB1*07:01,Consensus (comb.lib./smm/nn),0.21
3,ADAMTS7,p.T96I,3-IMP30,ELQYRGRELRFNLIANQHLLAPGFVSETR,FNLIANQHLLAPGFV,HLA-DRB1*07:01,Consensus (comb.lib./smm/nn),0.43
3,ADAMTS7,p.T96I,3-IMP30,ELQYRGRELRFNLIANQHLLAPGFVSETR,RELRFNLIANQHLLA,HLA-DRB1*01:01,Consensus (comb.lib./smm/nn),0.96
3,ADAMTS7,p.T96I,3-IMP30,ELQYRGRELRFNLIANQHLLAPGFVSETR,ELRFNLIANQHLLAP,HLA-DRB1*01:01,Consensus (comb.lib./smm/nn),1.15
3,ADAMTS7,p.T96I,3-IMP30,ELQYRGRELRFNLIANQHLLAPGFVSETR,GRELRFNLIANQHLL,HLA-DRB1*01:01,Consensus (comb.lib./smm/nn),1.24
3,ADAMTS7,p.T96I,3-IMP30,ELQYRGRELRFNLIANQHLLAPGFVSETR,LRFNLIANQHLLAPG,HLA-DRB1*01:01,Consensus (comb.lib./smm/nn),1.62
3,ADAMTS7,p.T96I,3-IMP30,ELQYRGRELRFNLIANQHLLAPGFVSETR,RGRELRFNLIANQHL,HLA-DRB1*01:01,Consensus (comb.lib./smm/nn),2.28
3,ADAMTS7,p.T96I,3-IMP30,ELQYRGRELRFNLIANQHLLAPGFVSETR,RFNLIANQHLLAPGF,HLA-DRB1*01:01,Consensus (comb.lib./smm/nn),4.57
3,ADAMTS7,p.T96I,3-IMP30,ELQYRGRELRFNLIANQHLLAPGFVSETR,FNLIANQHLLAPGFV,HLA-DRB1*01:01,Consensus (comb.lib./smm/nn),4.95
3,ADAMTS7,p.T96I,3-IMP30,ELQYRGRELRFNLIANQHLLAPGFVSETR,RELRFNLIANQHLLA,HLA-DPA1*01:03/DPB1*04:01,NetMHCIIpan,6.29
3,ADAMTS7,p.T96I,3-IMP30,ELQYRGRELRFNLIANQHLLAPGFVSETR,ELRFNLIANQHLLAP,HLA-DPA1*01:03/DPB1*04:01,NetMHCIIpan,7.44
3,ADAMTS7,p.T96I,3-IMP30,ELQYRGRELRFNLIANQHLLAPGFVSETR,GRELRFNLIANQHLL,HLA-DPA1*01:03/DPB1*04:01,NetMHCIIpan,8.07
3,ADAMTS7,p.T96I,3-IMP30,ELQYRGRELRFNLIANQHLLAPGFVSETR,LRFNLIANQHLLAPG,HLA-DPA1*01:03/DPB1*04:01,NetMHCIIpan,9.47
3,CRY1,p.S71F,3-IMP26,EDLDANLRKLNFRLFVIRGQPAD,DANLRKLNFRLFVIR,HLA-DPA1*01:03/DPB1*04:01,NetMHCIIpan,2.99
3,CRY1,p.S71F,3-IMP26,EDLDANLRKLNFRLFVIRGQPAD,LDANLRKLNFRLFVI,HLA-DPA1*01:03/DPB1*04:01,NetMHCIIpan,3.34
3,CRY1,p.S71F,3-IMP26,EDLDANLRKLNFRLFVIRGQPAD,ANLRKLNFRLFVIRG,HLA-DPA1*01:03/DPB1*04:01,NetMHCIIpan,3.41
3,CRY1,p.S71F,3-IMP26,EDLDANLRKLNFRLFVIRGQPAD,NLRKLNFRLFVIRGQ,HLA-DPA1*01:03/DPB1*04:01,NetMHCIIpan,4.13
3,CRY1,p.S71F,3-IMP26,EDLDANLRKLNFRLFVIRGQPAD,DLDANLRKLNFRLFV,HLA-DPA1*01:03/DPB1*04:01,NetMHCIIpan,4.97
3,CRY1,p.S71F,3-IMP26,EDLDANLRKLNFRLFVIRGQPAD,LRKLNFRLFVIRGQP,HLA-DPA1*01:03/DPB1*04:01,NetMHCIIpan,5.37
3,CRY1,p.S71F,3-IMP26,EDLDANLRKLNFRLFVIRGQPAD,RKLNFRLFVIRGQPA,HLA-DRB1*07:01,Consensus (comb.lib./smm/nn),6.99
3,CRY1,p.S71F,3-IMP26,EDLDANLRKLNFRLFVIRGQPAD,KLNFRLFVIRGQPAD,HLA-DRB1*07:01,Consensus (comb.lib./smm/nn),6.99
3,CRY1,p.S71F,3-IMP26,EDLDANLRKLNFRLFVIRGQPAD,RKLNFRLFVIRGQPA,HLA-DPA1*01:03/DPB1*04:01,NetMHCIIpan,8.76
3,CRY1,p.S71F,3-IMP26,EDLDANLRKLNFRLFVIRGQPAD,EDLDANLRKLNFRLF,HLA-DPA1*01:03/DPB1*04:01,NetMHCIIpan,9.38
4,ARHGAP29,p.G670E,4-IMP13,GHQKLPGKIHLFEAEFTQVAKKEPDG,GKIHLFEAEFTQVAK,HLA-DPA1*01:03/DPB1*02:01,Consensus (comb.lib./smm/nn),0.09
4,ARHGAP29,p.G670E,4-IMP13,GHQKLPGKIHLFEAEFTQVAKKEPDG,KIHLFEAEFTQVAKK,HLA-DPA1*01:03/DPB1*02:01,Consensus (comb.lib./smm/nn),0.09
4,ARHGAP29,p.G670E,4-IMP13,GHQKLPGKIHLFEAEFTQVAKKEPDG,LPGKIHLFEAEFTQV,HLA-DPA1*01:03/DPB1*02:01,Consensus (comb.lib./smm/nn),0.1
4,ARHGAP29,p.G670E,4-IMP13,GHQKLPGKIHLFEAEFTQVAKKEPDG,PGKIHLFEAEFTQVA,HLA-DPA1*01:03/DPB1*02:01,Consensus (comb.lib./smm/nn),0.1
4,ARHGAP29,p.G670E,4-IMP13,GHQKLPGKIHLFEAEFTQVAKKEPDG,IHLFEAEFTQVAKKE,HLA-DPA1*01:03/DPB1*02:01,Consensus (comb.lib./smm/nn),0.11
4,ARHGAP29,p.G670E,4-IMP13,GHQKLPGKIHLFEAEFTQVAKKEPDG,HLFEAEFTQVAKKEP,HLA-DPA1*01:03/DPB1*02:01,Consensus (comb.lib./smm/nn),0.63
4,ARHGAP29,p.G670E,4-IMP13,GHQKLPGKIHLFEAEFTQVAKKEPDG,KIHLFEAEFTQVAKK,HLA-DPA1*01:03/DPB1*04:02,NetMHCIIpan,4.16
4,ARHGAP29,p.G670E,4-IMP13,GHQKLPGKIHLFEAEFTQVAKKEPDG,GKIHLFEAEFTQVAK,HLA-DPA1*01:03/DPB1*04:02,NetMHCIIpan,4.37
4,ARHGAP29,p.G670E,4-IMP13,GHQKLPGKIHLFEAEFTQVAKKEPDG,PGKIHLFEAEFTQVA,HLA-DPA1*01:03/DPB1*04:02,NetMHCIIpan,5.22
4,ARHGAP29,p.G670E,4-IMP13,GHQKLPGKIHLFEAEFTQVAKKEPDG,KLPGKIHLFEAEFTQ,HLA-DPA1*01:03/DPB1*02:01,Consensus (comb.lib./smm/nn),5.73
4,ARHGAP29,p.G670E,4-IMP13,GHQKLPGKIHLFEAEFTQVAKKEPDG,IHLFEAEFTQVAKKE,HLA-DPA1*01:03/DPB1*04:02,NetMHCIIpan,7.11
4,ARHGAP29,p.G670E,4-IMP13,GHQKLPGKIHLFEAEFTQVAKKEPDG,LPGKIHLFEAEFTQV,HLA-DPA1*01:03/DPB1*04:02,NetMHCIIpan,7.16
4,ARHGAP29,p.G670E,4-IMP13,GHQKLPGKIHLFEAEFTQVAKKEPDG,QKLPGKIHLFEAEFT,HLA-DPA1*01:03/DPB1*02:01,Consensus (comb.lib./smm/nn),7.9
4,MKNK1,p.P265S,4-IMP15,TTPSGSAEYMASEVVEVFTDQAT,YMASEVVEVFTDQAT,HLA-DQA1*01:01/DQB1*05:01,Consensus (comb.lib./smm/nn),7.01
4,MTERFD2,p.F263Y,4-IMP18,SVLREDLGQLEYKYQYAYFRMGIKHPD,QLEYKYQYAYFRMGI,HLA-DPA1*01:03/DPB1*04:02,NetMHCIIpan,0.06
4,MTERFD2,p.F263Y,4-IMP18,SVLREDLGQLEYKYQYAYFRMGIKHPD,LEYKYQYAYFRMGIK,HLA-DPA1*01:03/DPB1*04:02,NetMHCIIpan,0.06
4,MTERFD2,p.F263Y,4-IMP18,SVLREDLGQLEYKYQYAYFRMGIKHPD,EYKYQYAYFRMGIKH,HLA-DPA1*01:03/DPB1*04:02,NetMHCIIpan,0.06
4,MTERFD2,p.F263Y,4-IMP18,SVLREDLGQLEYKYQYAYFRMGIKHPD,YKYQYAYFRMGIKHP,HLA-DPA1*01:03/DPB1*04:02,NetMHCIIpan,0.1
4,MTERFD2,p.F263Y,4-IMP18,SVLREDLGQLEYKYQYAYFRMGIKHPD,GQLEYKYQYAYFRMG,HLA-DPA1*01:03/DPB1*04:02,NetMHCIIpan,0.12
4,MTERFD2,p.F263Y,4-IMP18,SVLREDLGQLEYKYQYAYFRMGIKHPD,QLEYKYQYAYFRMGI,HLA-DPA1*01:03/DPB1*02:01,Consensus (comb.lib./smm/nn),0.16
4,MTERFD2,p.F263Y,4-IMP18,SVLREDLGQLEYKYQYAYFRMGIKHPD,LEYKYQYAYFRMGIK,HLA-DPA1*01:03/DPB1*02:01,Consensus (comb.lib./smm/nn),0.16
4,MTERFD2,p.F263Y,4-IMP18,SVLREDLGQLEYKYQYAYFRMGIKHPD,EYKYQYAYFRMGIKH,HLA-DPA1*01:03/DPB1*02:01,Consensus (comb.lib./smm/nn),0.19
4,MTERFD2,p.F263Y,4-IMP18,SVLREDLGQLEYKYQYAYFRMGIKHPD,GQLEYKYQYAYFRMG,HLA-DPA1*01:03/DPB1*02:01,Consensus (comb.lib./smm/nn),0.25
4,MTERFD2,p.F263Y,4-IMP18,SVLREDLGQLEYKYQYAYFRMGIKHPD,YKYQYAYFRMGIKHP,HLA-DPA1*01:03/DPB1*02:01,Consensus (comb.lib./smm/nn),0.32
4,MTERFD2,p.F263Y,4-IMP18,SVLREDLGQLEYKYQYAYFRMGIKHPD,LGQLEYKYQYAYFRM,HLA-DPA1*01:03/DPB1*04:02,NetMHCIIpan,0.63
4,MTERFD2,p.F263Y,4-IMP18,SVLREDLGQLEYKYQYAYFRMGIKHPD,KYQYAYFRMGIKHPD,HLA-DPA1*01:03/DPB1*04:02,NetMHCIIpan,0.76
4,MTERFD2,p.F263Y,4-IMP18,SVLREDLGQLEYKYQYAYFRMGIKHPD,KYQYAYFRMGIKHPD,HLA-DPA1*01:03/DPB1*02:01,Consensus (comb.lib./smm/nn),1.16
4,MTERFD2,p.F263Y,4-IMP18,SVLREDLGQLEYKYQYAYFRMGIKHPD,LGQLEYKYQYAYFRM,HLA-DPA1*01:03/DPB1*02:01,Consensus (comb.lib./smm/nn),2.93
4,MTERFD2,p.F263Y,4-IMP18,SVLREDLGQLEYKYQYAYFRMGIKHPD,DLGQLEYKYQYAYFR,HLA-DPA1*01:03/DPB1*04:02,NetMHCIIpan,3.58
4,MGA,p.N2653D,4-IMP17,PENDDLFMMPRIVDVTSLATEGG,ENDDLFMMPRIVDVT,HLA-DPA1*01:03/DPB1*02:01,Consensus (comb.lib./smm/nn),6.29
4,MGA,p.N2653D,4-IMP17,PENDDLFMMPRIVDVTSLATEGG,NDDLFMMPRIVDVTS,HLA-DPA1*01:03/DPB1*02:01,Consensus (comb.lib./smm/nn),6.29
4,MGA,p.N2653D,4-IMP17,PENDDLFMMPRIVDVTSLATEGG,DDLFMMPRIVDVTSL,HLA-DPA1*01:03/DPB1*02:01,Consensus (comb.lib./smm/nn),6.46
4,MGA,p.N2653D,4-IMP17,PENDDLFMMPRIVDVTSLATEGG,PENDDLFMMPRIVDV,HLA-DPA1*01:03/DPB1*02:01,Consensus (comb.lib./smm/nn),6.64
4,MGA,p.N2653D,4-IMP17,PENDDLFMMPRIVDVTSLATEGG,DLFMMPRIVDVTSLA,HLA-DPA1*01:03/DPB1*02:01,Consensus (comb.lib./smm/nn),7.24
4,MGA,p.N2653D,4-IMP17,PENDDLFMMPRIVDVTSLATEGG,DDLFMMPRIVDVTSL,HLA-DQA1*01:01/DQB1*05:01,Consensus (comb.lib./smm/nn),7.57
4,MGA,p.N2653D,4-IMP17,PENDDLFMMPRIVDVTSLATEGG,NDDLFMMPRIVDVTS,HLA-DQA1*01:01/DQB1*05:01,Consensus (comb.lib./smm/nn),7.62
4,MGA,p.N2653D,4-IMP17,PENDDLFMMPRIVDVTSLATEGG,ENDDLFMMPRIVDVT,HLA-DQA1*01:01/DQB1*05:01,Consensus (comb.lib./smm/nn),7.9
4,MGA,p.N2653D,4-IMP17,PENDDLFMMPRIVDVTSLATEGG,LFMMPRIVDVTSLAT,HLA-DPA1*01:03/DPB1*02:01,Consensus (comb.lib./smm/nn),9.04
4,SSB,p.K134E,4-IMP09,TLDDIKEWLEDEGQVLNIQMRRTLHK,LDDIKEWLEDEGQVL,HLA-DQA1*01:01/DQB1*05:01,Consensus (comb.lib./smm/nn),4.41
4,SSB,p.K134E,4-IMP09,TLDDIKEWLEDEGQVLNIQMRRTLHK,TLDDIKEWLEDEGQV,HLA-DQA1*01:01/DQB1*05:01,Consensus (comb.lib./smm/nn),4.49
4,SSB,p.K134E,4-IMP09,TLDDIKEWLEDEGQVLNIQMRRTLHK,DDIKEWLEDEGQVLN,HLA-DQA1*01:01/DQB1*05:01,Consensus (comb.lib./smm/nn),5.41
4,SSB,p.K134E,4-IMP09,TLDDIKEWLEDEGQVLNIQMRRTLHK,DIKEWLEDEGQVLNI,HLA-DQA1*01:01/DQB1*05:01,Consensus (comb.lib./smm/nn),6.23
4,SSB,p.K134E,4-IMP09,TLDDIKEWLEDEGQVLNIQMRRTLHK,IKEWLEDEGQVLNIQ,HLA-DQA1*01:01/DQB1*05:01,Consensus (comb.lib./smm/nn),8.86
4,PATL1,p.F288Y,4-IMP30,GRMSPSQFARVPGYVGSPLAAMNPK,PSQFARVPGYVGSPL,HLA-DRB1*01:01,Consensus (comb.lib./smm/nn),4.47
4,PATL1,p.F288Y,4-IMP30,GRMSPSQFARVPGYVGSPLAAMNPK,SQFARVPGYVGSPLA,HLA-DRB1*01:01,Consensus (comb.lib./smm/nn),6.17
4,PATL1,p.F288Y,4-IMP30,GRMSPSQFARVPGYVGSPLAAMNPK,MSPSQFARVPGYVGS,HLA-DRB1*01:01,Consensus (comb.lib./smm/nn),7.99
4,PATL1,p.F288Y,4-IMP30,GRMSPSQFARVPGYVGSPLAAMNPK,SPSQFARVPGYVGSP,HLA-DRB1*01:01,Consensus (comb.lib./smm/nn),8.96
4,SMCHD1,p.G425E,4-IMP07,KAHVEGDGVVEEIIRYHPFLYDRET,VVEEIIRYHPFLYDR,HLA-DPA1*01:03/DPB1*02:01,Consensus (comb.lib./smm/nn),1.24
4,SMCHD1,p.G425E,4-IMP07,KAHVEGDGVVEEIIRYHPFLYDRET,VEEIIRYHPFLYDRE,HLA-DPA1*01:03/DPB1*02:01,Consensus (comb.lib./smm/nn),1.24
4,SMCHD1,p.G425E,4-IMP07,KAHVEGDGVVEEIIRYHPFLYDRET,GVVEEIIRYHPFLYD,HLA-DPA1*01:03/DPB1*02:01,Consensus (comb.lib./smm/nn),1.64
4,SMCHD1,p.G425E,4-IMP07,KAHVEGDGVVEEIIRYHPFLYDRET,EEIIRYHPFLYDRET,HLA-DPA1*01:03/DPB1*02:01,Consensus (comb.lib./smm/nn),1.66
4,SMCHD1,p.G425E,4-IMP07,KAHVEGDGVVEEIIRYHPFLYDRET,VEEIIRYHPFLYDRE,HLA-DPA1*01:03/DPB1*04:02,NetMHCIIpan,3.26
4,SMCHD1,p.G425E,4-IMP07,KAHVEGDGVVEEIIRYHPFLYDRET,VVEEIIRYHPFLYDR,HLA-DPA1*01:03/DPB1*04:02,NetMHCIIpan,3.48
4,SMCHD1,p.G425E,4-IMP07,KAHVEGDGVVEEIIRYHPFLYDRET,EEIIRYHPFLYDRET,HLA-DPA1*01:03/DPB1*04:02,NetMHCIIpan,3.56
4,SMCHD1,p.G425E,4-IMP07,KAHVEGDGVVEEIIRYHPFLYDRET,GVVEEIIRYHPFLYD,HLA-DPA1*01:03/DPB1*04:02,NetMHCIIpan,4.64
4,SMCHD1,p.G425E,4-IMP07,KAHVEGDGVVEEIIRYHPFLYDRET,DGVVEEIIRYHPFLY,HLA-DPA1*01:03/DPB1*02:01,Consensus (comb.lib./smm/nn),6.84
4,SMCHD1,p.G425E,4-IMP07,KAHVEGDGVVEEIIRYHPFLYDRET,DGVVEEIIRYHPFLY,HLA-DPA1*01:03/DPB1*04:02,NetMHCIIpan,8.41
4,TNR,p.R1007W,4-IMP21,DGVSEEFWLVDLLPSTHYT,DGVSEEFWLVDLLPS,HLA-DPA1*01:03/DPB1*02:01,Consensus (comb.lib./smm/nn),0.36
4,TNR,p.R1007W,4-IMP21,DGVSEEFWLVDLLPSTHYT,GVSEEFWLVDLLPST,HLA-DPA1*01:03/DPB1*02:01,Consensus (comb.lib./smm/nn),0.41
4,TNR,p.R1007W,4-IMP21,DGVSEEFWLVDLLPSTHYT,VSEEFWLVDLLPSTH,HLA-DQA1*01:01/DQB1*05:01,Consensus (comb.lib./smm/nn),0.69
4,TNR,p.R1007W,4-IMP21,DGVSEEFWLVDLLPSTHYT,GVSEEFWLVDLLPST,HLA-DQA1*01:01/DQB1*05:01,Consensus (comb.lib./smm/nn),0.71
4,TNR,p.R1007W,4-IMP21,DGVSEEFWLVDLLPSTHYT,DGVSEEFWLVDLLPS,HLA-DQA1*01:01/DQB1*05:01,Consensus (comb.lib./smm/nn),0.74
4,TNR,p.R1007W,4-IMP21,DGVSEEFWLVDLLPSTHYT,SEEFWLVDLLPSTHY,HLA-DQA1*01:01/DQB1*05:01,Consensus (comb.lib./smm/nn),0.92
4,TNR,p.R1007W,4-IMP21,DGVSEEFWLVDLLPSTHYT,EEFWLVDLLPSTHYT,HLA-DQA1*01:01/DQB1*05:01,Consensus (comb.lib./smm/nn),1.5
4,TNR,p.R1007W,4-IMP21,DGVSEEFWLVDLLPSTHYT,VSEEFWLVDLLPSTH,HLA-DPA1*01:03/DPB1*02:01,Consensus (comb.lib./smm/nn),2.04
4,TNR,p.R1007W,4-IMP21,DGVSEEFWLVDLLPSTHYT,SEEFWLVDLLPSTHY,HLA-DPA1*01:03/DPB1*02:01,Consensus (comb.lib./smm/nn),2.9
4,TNR,p.R1007W,4-IMP21,DGVSEEFWLVDLLPSTHYT,EEFWLVDLLPSTHYT,HLA-DPA1*01:03/DPB1*02:01,Consensus (comb.lib./smm/nn),3.74
4,TNR,p.R1007W,4-IMP21,DGVSEEFWLVDLLPSTHYT,VSEEFWLVDLLPSTH,HLA-DPA1*01:03/DPB1*04:02,NetMHCIIpan,4
4,TNR,p.R1007W,4-IMP21,DGVSEEFWLVDLLPSTHYT,SEEFWLVDLLPSTHY,HLA-DPA1*01:03/DPB1*04:02,NetMHCIIpan,4.19
4,TNR,p.R1007W,4-IMP21,DGVSEEFWLVDLLPSTHYT,GVSEEFWLVDLLPST,HLA-DPA1*01:03/DPB1*04:02,NetMHCIIpan,4.38
4,TNR,p.R1007W,4-IMP21,DGVSEEFWLVDLLPSTHYT,DGVSEEFWLVDLLPS,HLA-DPA1*01:03/DPB1*04:02,NetMHCIIpan,5.18
4,TNR,p.R1007W,4-IMP21,DGVSEEFWLVDLLPSTHYT,EEFWLVDLLPSTHYT,HLA-DPA1*01:03/DPB1*04:02,NetMHCIIpan,5.45
4,ATF7IP,p.P1205L,4-IMP10,DSYHLYAYHEELSATVPSQWKKIG,DSYHLYAYHEELSAT,HLA-DQA1*01:01/DQB1*05:01,Consensus (comb.lib./smm/nn),1.83
4,ATF7IP,p.P1205L,4-IMP10,DSYHLYAYHEELSATVPSQWKKIG,SYHLYAYHEELSATV,HLA-DQA1*01:01/DQB1*05:01,Consensus (comb.lib./smm/nn),2.04
4,ATF7IP,p.P1205L,4-IMP10,DSYHLYAYHEELSATVPSQWKKIG,YHLYAYHEELSATVP,HLA-DQA1*01:01/DQB1*05:01,Consensus (comb.lib./smm/nn),2.71
4,ATF7IP,p.P1205L,4-IMP10,DSYHLYAYHEELSATVPSQWKKIG,HLYAYHEELSATVPS,HLA-DQA1*01:01/DQB1*05:01,Consensus (comb.lib./smm/nn),4.98
4,ATF7IP,p.P1205L,4-IMP10,DSYHLYAYHEELSATVPSQWKKIG,LYAYHEELSATVPSQ,HLA-DQA1*01:01/DQB1*05:01,Consensus (comb.lib./smm/nn),7.95
4,ATF7IP,p.P1205L,4-IMP10,DSYHLYAYHEELSATVPSQWKKIG,SYHLYAYHEELSATV,HLA-DPA1*01:03/DPB1*04:02,NetMHCIIpan,8.92
4,ATF7IP,p.P1205L,4-IMP10,DSYHLYAYHEELSATVPSQWKKIG,DSYHLYAYHEELSAT,HLA-DPA1*01:03/DPB1*04:02,NetMHCIIpan,9.43
4,IDH2,p.R188W,4-IMP14,GDQYKATDFVADWAGTFKMVFTPKDGSG,QYKATDFVADWAGTF,HLA-DQA1*01:01/DQB1*05:01,Consensus (comb.lib./smm/nn),2.41
4,IDH2,p.R188W,4-IMP14,GDQYKATDFVADWAGTFKMVFTPKDGSG,DQYKATDFVADWAGT,HLA-DQA1*01:01/DQB1*05:01,Consensus (comb.lib./smm/nn),2.71
4,IDH2,p.R188W,4-IMP14,GDQYKATDFVADWAGTFKMVFTPKDGSG,YKATDFVADWAGTFK,HLA-DQA1*01:01/DQB1*05:01,Consensus (comb.lib./smm/nn),2.9
4,IDH2,p.R188W,4-IMP14,GDQYKATDFVADWAGTFKMVFTPKDGSG,GDQYKATDFVADWAG,HLA-DQA1*01:01/DQB1*05:01,Consensus (comb.lib./smm/nn),3.19
4,IDH2,p.R188W,4-IMP14,GDQYKATDFVADWAGTFKMVFTPKDGSG,KATDFVADWAGTFKM,HLA-DQA1*01:01/DQB1*05:01,Consensus (comb.lib./smm/nn),4.14
4,IDH2,p.R188W,4-IMP14,GDQYKATDFVADWAGTFKMVFTPKDGSG,ATDFVADWAGTFKMV,HLA-DQA1*01:01/DQB1*05:01,Consensus (comb.lib./smm/nn),6.02
4,IDH2,p.R188W,4-IMP14,GDQYKATDFVADWAGTFKMVFTPKDGSG,TDFVADWAGTFKMVF,HLA-DPA1*01:03/DPB1*02:01,Consensus (comb.lib./smm/nn),9.04
4,IDH2,p.R188W,4-IMP14,GDQYKATDFVADWAGTFKMVFTPKDGSG,DFVADWAGTFKMVFT,HLA-DPA1*01:03/DPB1*02:01,Consensus (comb.lib./smm/nn),9.52
4,IDH2,p.R188W,4-IMP14,GDQYKATDFVADWAGTFKMVFTPKDGSG,GDQYKATDFVADWAG,HLA-DPA1*01:03/DPB1*02:01,Consensus (comb.lib./smm/nn),9.84
4,MMP17,p.G511E,4-IMP23,EYWKVLDGELEVAPEYPQSTARDWL,EYWKVLDGELEVAPE,HLA-DQA1*01:01/DQB1*05:01,Consensus (comb.lib./smm/nn),3.47
4,MMP17,p.G511E,4-IMP23,EYWKVLDGELEVAPEYPQSTARDWL,YWKVLDGELEVAPEY,HLA-DQA1*01:01/DQB1*05:01,Consensus (comb.lib./smm/nn),3.47
4,MMP17,p.G511E,4-IMP23,EYWKVLDGELEVAPEYPQSTARDWL,WKVLDGELEVAPEYP,HLA-DQA1*01:01/DQB1*05:01,Consensus (comb.lib./smm/nn),3.47
4,RNF40,p.P584L,4-IMP12,TTTSVKKEELVLSEEDFQGITPGAQ,KEELVLSEEDFQGIT,HLA-DPA1*01:03/DPB1*02:01,Consensus (comb.lib./smm/nn),4.62
4,RNF40,p.P584L,4-IMP12,TTTSVKKEELVLSEEDFQGITPGAQ,KKEELVLSEEDFQGI,HLA-DPA1*01:03/DPB1*02:01,Consensus (comb.lib./smm/nn),4.99
4,RNF40,p.P584L,4-IMP12,TTTSVKKEELVLSEEDFQGITPGAQ,EELVLSEEDFQGITP,HLA-DPA1*01:03/DPB1*02:01,Consensus (comb.lib./smm/nn),5.04
4,RNF40,p.P584L,4-IMP12,TTTSVKKEELVLSEEDFQGITPGAQ,VKKEELVLSEEDFQG,HLA-DQA1*01:01/DQB1*05:01,Consensus (comb.lib./smm/nn),5.68
4,RNF40,p.P584L,4-IMP12,TTTSVKKEELVLSEEDFQGITPGAQ,KKEELVLSEEDFQGI,HLA-DQA1*01:01/DQB1*05:01,Consensus (comb.lib./smm/nn),5.68
4,RNF40,p.P584L,4-IMP12,TTTSVKKEELVLSEEDFQGITPGAQ,KEELVLSEEDFQGIT,HLA-DQA1*01:01/DQB1*05:01,Consensus (comb.lib./smm/nn),5.68
4,RNF40,p.P584L,4-IMP12,TTTSVKKEELVLSEEDFQGITPGAQ,EELVLSEEDFQGITP,HLA-DQA1*01:01/DQB1*05:01,Consensus (comb.lib./smm/nn),5.68
4,RNF40,p.P584L,4-IMP12,TTTSVKKEELVLSEEDFQGITPGAQ,ELVLSEEDFQGITPG,HLA-DPA1*01:03/DPB1*02:01,Consensus (comb.lib./smm/nn),5.96
4,RNF40,p.P584L,4-IMP12,TTTSVKKEELVLSEEDFQGITPGAQ,ELVLSEEDFQGITPG,HLA-DQA1*01:01/DQB1*05:01,Consensus (comb.lib./smm/nn),6.09
4,RNF40,p.P584L,4-IMP12,TTTSVKKEELVLSEEDFQGITPGAQ,SVKKEELVLSEEDFQ,HLA-DQA1*01:01/DQB1*05:01,Consensus (comb.lib./smm/nn),6.88
4,RNF40,p.P584L,4-IMP12,TTTSVKKEELVLSEEDFQGITPGAQ,LVLSEEDFQGITPGA,HLA-DPA1*01:03/DPB1*02:01,Consensus (comb.lib./smm/nn),8.5
4,RNF40,p.P584L,4-IMP12,TTTSVKKEELVLSEEDFQGITPGAQ,LVLSEEDFQGITPGA,HLA-DQA1*01:01/DQB1*05:01,Consensus (comb.lib./smm/nn),9.36
4,RPTOR,p.S755F,4-IMP08,SLTEESGGAVAFFPGNLSTSSSA,GGAVAFFPGNLSTSS,HLA-DRB1*01:01,Consensus (comb.lib./smm/nn),8.66
5,FAM200A,p.S116F,5-IMP05,KLRTIPLSDNTIFRRICTIAKHLE,DNTIFRRICTIAKHL,HLA-DRB1*11:01,Consensus (smm/nn/sturniolo),0.04
5,FAM200A,p.S116F,5-IMP05,KLRTIPLSDNTIFRRICTIAKHLE,NTIFRRICTIAKHLE,HLA-DRB1*11:01,Consensus (smm/nn/sturniolo),0.04
5,FAM200A,p.S116F,5-IMP05,KLRTIPLSDNTIFRRICTIAKHLE,LSDNTIFRRICTIAK,HLA-DRB1*11:01,Consensus (smm/nn/sturniolo),0.05
5,FAM200A,p.S116F,5-IMP05,KLRTIPLSDNTIFRRICTIAKHLE,SDNTIFRRICTIAKH,HLA-DRB1*11:01,Consensus (smm/nn/sturniolo),0.05
5,MUC5B,NeoORF,5-IMP01,SHHTHSYQRYSHPLFLPGHRLDPPI,RYSHPLFLPGHRLDP,HLA-DRB1*11:01,Consensus (smm/nn/sturniolo),5.07
5,MUC5B,NeoORF,5-IMP01,SHHTHSYQRYSHPLFLPGHRLDPPI,YSHPLFLPGHRLDPP,HLA-DRB1*11:01,Consensus (smm/nn/sturniolo),5.07
5,MUC5B,NeoORF,5-IMP01,SHHTHSYQRYSHPLFLPGHRLDPPI,SHPLFLPGHRLDPPI,HLA-DRB1*11:01,Consensus (smm/nn/sturniolo),5.07
5,MUC5B,NeoORF,5-IMP01,SHHTHSYQRYSHPLFLPGHRLDPPI,SHHTHSYQRYSHPLF,HLA-DRB1*11:01,Consensus (smm/nn/sturniolo),8.54
5,MUC5B,NeoORF,5-IMP01,SHHTHSYQRYSHPLFLPGHRLDPPI,HHTHSYQRYSHPLFL,HLA-DRB1*11:01,Consensus (smm/nn/sturniolo),8.54
5,MUC5B,NeoORF,5-IMP01,SHHTHSYQRYSHPLFLPGHRLDPPI,HTHSYQRYSHPLFLP,HLA-DRB1*11:01,Consensus (smm/nn/sturniolo),8.54
5,MUC5B,NeoORF,5-IMP01,SHHTHSYQRYSHPLFLPGHRLDPPI,THSYQRYSHPLFLPG,HLA-DRB1*11:01,Consensus (smm/nn/sturniolo),8.54
5,MUC5B,NeoORF,5-IMP01,SHHTHSYQRYSHPLFLPGHRLDPPI,HSYQRYSHPLFLPGH,HLA-DRB1*11:01,Consensus (smm/nn/sturniolo),8.54
5,MUC5B,NeoORF,5-IMP01,SHHTHSYQRYSHPLFLPGHRLDPPI,SYQRYSHPLFLPGHR,HLA-DRB1*11:01,Consensus (smm/nn/sturniolo),8.54
5,MUC5B,NeoORF,5-IMP01,SHHTHSYQRYSHPLFLPGHRLDPPI,YQRYSHPLFLPGHRL,HLA-DRB1*11:01,Consensus (smm/nn/sturniolo),8.54
5,PSMB7,p.P158L,5-IMP17,DVTGPHLYSIYLHGSTDKLPYVTMGS,VTGPHLYSIYLHGST,HLA-DRB1*11:01,Consensus (smm/nn/sturniolo),2.41
5,PSMB7,p.P158L,5-IMP17,DVTGPHLYSIYLHGSTDKLPYVTMGS,TGPHLYSIYLHGSTD,HLA-DRB1*11:01,Consensus (smm/nn/sturniolo),2.41
5,PSMB7,p.P158L,5-IMP17,DVTGPHLYSIYLHGSTDKLPYVTMGS,GPHLYSIYLHGSTDK,HLA-DRB1*11:01,Consensus (smm/nn/sturniolo),2.41
5,PSMB7,p.P158L,5-IMP17,DVTGPHLYSIYLHGSTDKLPYVTMGS,PHLYSIYLHGSTDKL,HLA-DRB1*11:01,Consensus (smm/nn/sturniolo),2.41
5,PSMB7,p.P158L,5-IMP17,DVTGPHLYSIYLHGSTDKLPYVTMGS,HLYSIYLHGSTDKLP,HLA-DRB1*11:01,Consensus (smm/nn/sturniolo),2.41
5,PSMB7,p.P158L,5-IMP17,DVTGPHLYSIYLHGSTDKLPYVTMGS,DVTGPHLYSIYLHGS,HLA-DRB1*11:01,Consensus (smm/nn/sturniolo),3.08
5,PSMB7,p.P158L,5-IMP17,DVTGPHLYSIYLHGSTDKLPYVTMGS,LYSIYLHGSTDKLPY,HLA-DRB1*11:01,Consensus (smm/nn/sturniolo),3.79
5,TBX4,p.S271F,5-IMP16,ARLQSKEYPVIFKSIMRQRLISPQL,PVIFKSIMRQRLISP,HLA-DRB1*11:01,Consensus (smm/nn/sturniolo),0.31
5,TBX4,p.S271F,5-IMP16,ARLQSKEYPVIFKSIMRQRLISPQL,YPVIFKSIMRQRLIS,HLA-DRB1*11:01,Consensus (smm/nn/sturniolo),0.48
5,TBX4,p.S271F,5-IMP16,ARLQSKEYPVIFKSIMRQRLISPQL,VIFKSIMRQRLISPQ,HLA-DRB1*11:01,Consensus (smm/nn/sturniolo),0.52
5,TBX4,p.S271F,5-IMP16,ARLQSKEYPVIFKSIMRQRLISPQL,SKEYPVIFKSIMRQR,HLA-DRB1*11:01,Consensus (smm/nn/sturniolo),0.7
5,TBX4,p.S271F,5-IMP16,ARLQSKEYPVIFKSIMRQRLISPQL,KEYPVIFKSIMRQRL,HLA-DRB1*11:01,Consensus (smm/nn/sturniolo),0.7
5,TBX4,p.S271F,5-IMP16,ARLQSKEYPVIFKSIMRQRLISPQL,EYPVIFKSIMRQRLI,HLA-DRB1*11:01,Consensus (smm/nn/sturniolo),0.7
5,TBX4,p.S271F,5-IMP16,ARLQSKEYPVIFKSIMRQRLISPQL,IFKSIMRQRLISPQL,HLA-DRB1*11:01,Consensus (smm/nn/sturniolo),0.76
5,TBX4,p.S271F,5-IMP16,ARLQSKEYPVIFKSIMRQRLISPQL,QSKEYPVIFKSIMRQ,HLA-DRB1*11:01,Consensus (smm/nn/sturniolo),1.28
5,TBX4,p.S271F,5-IMP16,ARLQSKEYPVIFKSIMRQRLISPQL,RLQSKEYPVIFKSIM,HLA-DRB1*11:01,Consensus (smm/nn/sturniolo),6.23
5,TBX4,p.S271F,5-IMP16,ARLQSKEYPVIFKSIMRQRLISPQL,LQSKEYPVIFKSIMR,HLA-DRB1*11:01,Consensus (smm/nn/sturniolo),6.23
5,CASC1,p.H265Y,5-IMP28,LHTHYDYVSALHPVSTPSKEYTSA,HYDYVSALHPVSTPS,HLA-DRB1*11:01,Consensus (smm/nn/sturniolo),0.09
5,CASC1,p.H265Y,5-IMP28,LHTHYDYVSALHPVSTPSKEYTSA,THYDYVSALHPVSTP,HLA-DRB1*11:01,Consensus (smm/nn/sturniolo),0.16
5,CASC1,p.H265Y,5-IMP28,LHTHYDYVSALHPVSTPSKEYTSA,YDYVSALHPVSTPSK,HLA-DRB1*11:01,Consensus (smm/nn/sturniolo),0.22
5,CASC1,p.H265Y,5-IMP28,LHTHYDYVSALHPVSTPSKEYTSA,HTHYDYVSALHPVST,HLA-DRB1*11:01,Consensus (smm/nn/sturniolo),0.32
5,CASC1,p.H265Y,5-IMP28,LHTHYDYVSALHPVSTPSKEYTSA,DYVSALHPVSTPSKE,HLA-DRB1*11:01,Consensus (smm/nn/sturniolo),0.52
5,CASC1,p.H265Y,5-IMP28,LHTHYDYVSALHPVSTPSKEYTSA,LHTHYDYVSALHPVS,HLA-DRB1*11:01,Consensus (smm/nn/sturniolo),0.78
5,CASC1,p.H265Y,5-IMP28,LHTHYDYVSALHPVSTPSKEYTSA,YVSALHPVSTPSKEY,HLA-DRB1*11:01,Consensus (smm/nn/sturniolo),0.78
5,CASC1,p.H265Y,5-IMP28,LHTHYDYVSALHPVSTPSKEYTSA,VSALHPVSTPSKEYT,HLA-DRB1*11:01,Consensus (smm/nn/sturniolo),5.41
5,CASC1,p.H265Y,5-IMP28,LHTHYDYVSALHPVSTPSKEYTSA,SALHPVSTPSKEYTS,HLA-DRB1*11:01,Consensus (smm/nn/sturniolo),6.08
5,CASC1,p.H265Y,5-IMP28,LHTHYDYVSALHPVSTPSKEYTSA,HTHYDYVSALHPVST,HLA-DRB1*01:01,Consensus (comb.lib./smm/nn),7.48
5,CASC1,p.H265Y,5-IMP28,LHTHYDYVSALHPVSTPSKEYTSA,THYDYVSALHPVSTP,HLA-DRB1*01:01,Consensus (comb.lib./smm/nn),9.01
5,FIGN,p.R520Q,5-IMP25,SDAFSGLTALPQSILLFGP,SDAFSGLTALPQSIL,HLA-DRB1*11:01,Consensus (smm/nn/sturniolo),0.62
5,FIGN,p.R520Q,5-IMP25,SDAFSGLTALPQSILLFGP,DAFSGLTALPQSILL,HLA-DRB1*11:01,Consensus (smm/nn/sturniolo),0.62
5,FIGN,p.R520Q,5-IMP25,SDAFSGLTALPQSILLFGP,AFSGLTALPQSILLF,HLA-DRB1*11:01,Consensus (smm/nn/sturniolo),0.75
5,FIGN,p.R520Q,5-IMP25,SDAFSGLTALPQSILLFGP,FSGLTALPQSILLFG,HLA-DRB1*11:01,Consensus (smm/nn/sturniolo),0.75
5,FIGN,p.R520Q,5-IMP25,SDAFSGLTALPQSILLFGP,SDAFSGLTALPQSIL,HLA-DRB1*01:01,Consensus (comb.lib./smm/nn),3.72
5,FIGN,p.R520Q,5-IMP25,SDAFSGLTALPQSILLFGP,DAFSGLTALPQSILL,HLA-DRB1*01:01,Consensus (comb.lib./smm/nn),3.72
5,FIGN,p.R520Q,5-IMP25,SDAFSGLTALPQSILLFGP,AFSGLTALPQSILLF,HLA-DRB1*01:01,Consensus (comb.lib./smm/nn),6.65
5,FIGN,p.R520Q,5-IMP25,SDAFSGLTALPQSILLFGP,FSGLTALPQSILLFG,HLA-DRB1*01:01,Consensus (comb.lib./smm/nn),6.65
5,MUC5B,NeoORF,5-IMP02,SHQIHSYQLYTHPLLHPWDHRD,HQIHSYQLYTHPLLH,HLA-DRB1*01:01,Consensus (comb.lib./smm/nn),5.73
5,MUC5B,NeoORF,5-IMP02,SHQIHSYQLYTHPLLHPWDHRD,QIHSYQLYTHPLLHP,HLA-DRB1*01:01,Consensus (comb.lib./smm/nn),6.32
5,MUC5B,NeoORF,5-IMP02,SHQIHSYQLYTHPLLHPWDHRD,SHQIHSYQLYTHPLL,HLA-DRB1*11:01,Consensus (smm/nn/sturniolo),7.06
5,MUC5B,NeoORF,5-IMP02,SHQIHSYQLYTHPLLHPWDHRD,HQIHSYQLYTHPLLH,HLA-DRB1*11:01,Consensus (smm/nn/sturniolo),7.06
5,MUC5B,NeoORF,5-IMP02,SHQIHSYQLYTHPLLHPWDHRD,QIHSYQLYTHPLLHP,HLA-DRB1*11:01,Consensus (smm/nn/sturniolo),7.06
5,MUC5B,NeoORF,5-IMP02,SHQIHSYQLYTHPLLHPWDHRD,IHSYQLYTHPLLHPW,HLA-DRB1*11:01,Consensus (smm/nn/sturniolo),7.06
5,MUC5B,NeoORF,5-IMP02,SHQIHSYQLYTHPLLHPWDHRD,HSYQLYTHPLLHPWD,HLA-DRB1*11:01,Consensus (smm/nn/sturniolo),7.06
5,MUC5B,NeoORF,5-IMP02,SHQIHSYQLYTHPLLHPWDHRD,SYQLYTHPLLHPWDH,HLA-DRB1*11:01,Consensus (smm/nn/sturniolo),7.06
5,MUC5B,NeoORF,5-IMP02,SHQIHSYQLYTHPLLHPWDHRD,YQLYTHPLLHPWDHR,HLA-DRB1*11:01,Consensus (smm/nn/sturniolo),7.06
5,MUC5B,NeoORF,5-IMP02,SHQIHSYQLYTHPLLHPWDHRD,IHSYQLYTHPLLHPW,HLA-DRB1*01:01,Consensus (comb.lib./smm/nn),7.47
5,MUC5B,NeoORF,5-IMP02,SHQIHSYQLYTHPLLHPWDHRD,SHQIHSYQLYTHPLL,HLA-DRB1*01:01,Consensus (comb.lib./smm/nn),7.86
5,CLEC2B,p.E77K,5-IMP26,STQHADLTIIDNIKEMNFLRRYK,STQHADLTIIDNIKE,HLA-DRB1*11:01,Consensus (smm/nn/sturniolo),9.09
5,CLEC2B,p.E77K,5-IMP26,STQHADLTIIDNIKEMNFLRRYK,TQHADLTIIDNIKEM,HLA-DRB1*11:01,Consensus (smm/nn/sturniolo),9.09
5,CLEC2B,p.E77K,5-IMP26,STQHADLTIIDNIKEMNFLRRYK,QHADLTIIDNIKEMN,HLA-DRB1*11:01,Consensus (smm/nn/sturniolo),9.09
5,CLEC2B,p.E77K,5-IMP26,STQHADLTIIDNIKEMNFLRRYK,HADLTIIDNIKEMNF,HLA-DRB1*11:01,Consensus (smm/nn/sturniolo),9.09
5,CLEC2B,p.E77K,5-IMP26,STQHADLTIIDNIKEMNFLRRYK,ADLTIIDNIKEMNFL,HLA-DRB1*11:01,Consensus (smm/nn/sturniolo),9.09
5,CLEC2B,p.E77K,5-IMP26,STQHADLTIIDNIKEMNFLRRYK,DLTIIDNIKEMNFLR,HLA-DRB1*11:01,Consensus (smm/nn/sturniolo),9.09
5,CLEC2B,p.E77K,5-IMP26,STQHADLTIIDNIKEMNFLRRYK,LTIIDNIKEMNFLRR,HLA-DRB1*11:01,Consensus (smm/nn/sturniolo),9.09
5,ZFYVE26,p.S544F,5-IMP07,ASATEPANDSLFSPGAANLFSTYLAR,SLFSPGAANLFSTYL,HLA-DRB1*01:01,Consensus (comb.lib./smm/nn),5.03
5,ZFYVE26,p.S544F,5-IMP07,ASATEPANDSLFSPGAANLFSTYLAR,LFSPGAANLFSTYLA,HLA-DRB1*01:01,Consensus (comb.lib./smm/nn),8.78
5,ZNF281,p.G119E,5-IMP12,AASAAAFPSQRTSWEFLQSLVSIKQEK,PSQRTSWEFLQSLVS,HLA-DRB1*11:01,Consensus (smm/nn/sturniolo),0.14
5,ZNF281,p.G119E,5-IMP12,AASAAAFPSQRTSWEFLQSLVSIKQEK,SQRTSWEFLQSLVSI,HLA-DRB1*11:01,Consensus (smm/nn/sturniolo),0.14
5,ZNF281,p.G119E,5-IMP12,AASAAAFPSQRTSWEFLQSLVSIKQEK,QRTSWEFLQSLVSIK,HLA-DRB1*11:01,Consensus (smm/nn/sturniolo),0.14
5,ZNF281,p.G119E,5-IMP12,AASAAAFPSQRTSWEFLQSLVSIKQEK,RTSWEFLQSLVSIKQ,HLA-DRB1*11:01,Consensus (smm/nn/sturniolo),0.14
5,ZNF281,p.G119E,5-IMP12,AASAAAFPSQRTSWEFLQSLVSIKQEK,TSWEFLQSLVSIKQE,HLA-DRB1*11:01,Consensus (smm/nn/sturniolo),0.14
5,ZNF281,p.G119E,5-IMP12,AASAAAFPSQRTSWEFLQSLVSIKQEK,SWEFLQSLVSIKQEK,HLA-DRB1*11:01,Consensus (smm/nn/sturniolo),0.14
5,ZNF281,p.G119E,5-IMP12,AASAAAFPSQRTSWEFLQSLVSIKQEK,RTSWEFLQSLVSIKQ,HLA-DRB1*01:01,Consensus (comb.lib./smm/nn),5.4
5,ZNF281,p.G119E,5-IMP12,AASAAAFPSQRTSWEFLQSLVSIKQEK,TSWEFLQSLVSIKQE,HLA-DRB1*01:01,Consensus (comb.lib./smm/nn),5.59
5,ZNF281,p.G119E,5-IMP12,AASAAAFPSQRTSWEFLQSLVSIKQEK,QRTSWEFLQSLVSIK,HLA-DRB1*01:01,Consensus (comb.lib./smm/nn),5.79
5,ZNF281,p.G119E,5-IMP12,AASAAAFPSQRTSWEFLQSLVSIKQEK,SQRTSWEFLQSLVSI,HLA-DQA1*01:01/DQB1*05:01,Consensus (comb.lib./smm/nn),5.92
5,ZNF281,p.G119E,5-IMP12,AASAAAFPSQRTSWEFLQSLVSIKQEK,QRTSWEFLQSLVSIK,HLA-DQA1*01:01/DQB1*05:01,Consensus (comb.lib./smm/nn),6.1
5,ZNF281,p.G119E,5-IMP12,AASAAAFPSQRTSWEFLQSLVSIKQEK,AAFPSQRTSWEFLQS,HLA-DQA1*01:01/DQB1*05:01,Consensus (comb.lib./smm/nn),6.58
5,ZNF281,p.G119E,5-IMP12,AASAAAFPSQRTSWEFLQSLVSIKQEK,AFPSQRTSWEFLQSL,HLA-DQA1*01:01/DQB1*05:01,Consensus (comb.lib./smm/nn),6.58
5,ZNF281,p.G119E,5-IMP12,AASAAAFPSQRTSWEFLQSLVSIKQEK,FPSQRTSWEFLQSLV,HLA-DQA1*01:01/DQB1*05:01,Consensus (comb.lib./smm/nn),6.58
5,ZNF281,p.G119E,5-IMP12,AASAAAFPSQRTSWEFLQSLVSIKQEK,PSQRTSWEFLQSLVS,HLA-DQA1*01:01/DQB1*05:01,Consensus (comb.lib./smm/nn),6.58
5,ZNF281,p.G119E,5-IMP12,AASAAAFPSQRTSWEFLQSLVSIKQEK,RTSWEFLQSLVSIKQ,HLA-DQA1*01:01/DQB1*05:01,Consensus (comb.lib./smm/nn),6.58
5,ZNF281,p.G119E,5-IMP12,AASAAAFPSQRTSWEFLQSLVSIKQEK,SQRTSWEFLQSLVSI,HLA-DRB1*01:01,Consensus (comb.lib./smm/nn),8.87
5,ZNF281,p.G119E,5-IMP12,AASAAAFPSQRTSWEFLQSLVSIKQEK,PSQRTSWEFLQSLVS,HLA-DRB1*01:01,Consensus (comb.lib./smm/nn),9.63
5,ZNF281,p.G119E,5-IMP12,AASAAAFPSQRTSWEFLQSLVSIKQEK,SWEFLQSLVSIKQEK,HLA-DRB1*01:01,Consensus (comb.lib./smm/nn),9.63
5,MED24,p.V981M,5-IMP13,GSVLQFMPFTTVSELMKVSAMSSPKV,FTTVSELMKVSAMSS,HLA-DRB1*11:01,Consensus (smm/nn/sturniolo),1.08
5,MED24,p.V981M,5-IMP13,GSVLQFMPFTTVSELMKVSAMSSPKV,TTVSELMKVSAMSSP,HLA-DRB1*11:01,Consensus (smm/nn/sturniolo),1.08
5,MED24,p.V981M,5-IMP13,GSVLQFMPFTTVSELMKVSAMSSPKV,TVSELMKVSAMSSPK,HLA-DRB1*11:01,Consensus (smm/nn/sturniolo),1.08
5,MED24,p.V981M,5-IMP13,GSVLQFMPFTTVSELMKVSAMSSPKV,VSELMKVSAMSSPKV,HLA-DRB1*11:01,Consensus (smm/nn/sturniolo),1.08
5,MED24,p.V981M,5-IMP13,GSVLQFMPFTTVSELMKVSAMSSPKV,VSELMKVSAMSSPKV,HLA-DRB1*01:01,Consensus (comb.lib./smm/nn),3.8
5,MED24,p.V981M,5-IMP13,GSVLQFMPFTTVSELMKVSAMSSPKV,GSVLQFMPFTTVSEL,HLA-DRB1*11:01,Consensus (smm/nn/sturniolo),7.1
5,MED24,p.V981M,5-IMP13,GSVLQFMPFTTVSELMKVSAMSSPKV,SVLQFMPFTTVSELM,HLA-DRB1*11:01,Consensus (smm/nn/sturniolo),7.1
5,MED24,p.V981M,5-IMP13,GSVLQFMPFTTVSELMKVSAMSSPKV,VLQFMPFTTVSELMK,HLA-DRB1*11:01,Consensus (smm/nn/sturniolo),7.1
5,MED24,p.V981M,5-IMP13,GSVLQFMPFTTVSELMKVSAMSSPKV,LQFMPFTTVSELMKV,HLA-DRB1*11:01,Consensus (smm/nn/sturniolo),7.1
5,MED24,p.V981M,5-IMP13,GSVLQFMPFTTVSELMKVSAMSSPKV,QFMPFTTVSELMKVS,HLA-DRB1*11:01,Consensus (smm/nn/sturniolo),7.1
5,MED24,p.V981M,5-IMP13,GSVLQFMPFTTVSELMKVSAMSSPKV,FMPFTTVSELMKVSA,HLA-DRB1*11:01,Consensus (smm/nn/sturniolo),7.1
5,MED24,p.V981M,5-IMP13,GSVLQFMPFTTVSELMKVSAMSSPKV,TVSELMKVSAMSSPK,HLA-DRB1*01:01,Consensus (comb.lib./smm/nn),7.41
5,MED24,p.V981M,5-IMP13,GSVLQFMPFTTVSELMKVSAMSSPKV,MPFTTVSELMKVSAM,HLA-DRB1*11:01,Consensus (smm/nn/sturniolo),7.59
5,MED24,p.V981M,5-IMP13,GSVLQFMPFTTVSELMKVSAMSSPKV,PFTTVSELMKVSAMS,HLA-DRB1*11:01,Consensus (smm/nn/sturniolo),7.59
5,MED24,p.V981M,5-IMP13,GSVLQFMPFTTVSELMKVSAMSSPKV,FTTVSELMKVSAMSS,HLA-DRB1*01:01,Consensus (comb.lib./smm/nn),9.68
5,MUC5B,NeoORF,5-IMP03,DKGHQFHVHPLLHSGDDLDP,DKGHQFHVHPLLHSG,HLA-DRB1*11:01,Consensus (smm/nn/sturniolo),0.67
5,MUC5B,NeoORF,5-IMP03,DKGHQFHVHPLLHSGDDLDP,KGHQFHVHPLLHSGD,HLA-DRB1*11:01,Consensus (smm/nn/sturniolo),0.69
5,MUC5B,NeoORF,5-IMP03,DKGHQFHVHPLLHSGDDLDP,GHQFHVHPLLHSGDD,HLA-DRB1*11:01,Consensus (smm/nn/sturniolo),0.71
5,MUC5B,NeoORF,5-IMP03,DKGHQFHVHPLLHSGDDLDP,HQFHVHPLLHSGDDL,HLA-DRB1*11:01,Consensus (smm/nn/sturniolo),0.88
5,MUC5B,NeoORF,5-IMP03,DKGHQFHVHPLLHSGDDLDP,QFHVHPLLHSGDDLD,HLA-DRB1*11:01,Consensus (smm/nn/sturniolo),3.54
5,MUC5B,NeoORF,5-IMP03,DKGHQFHVHPLLHSGDDLDP,FHVHPLLHSGDDLDP,HLA-DRB1*11:01,Consensus (smm/nn/sturniolo),4.09
5,PDIA6,p.P290S,5-IMP14,NQVLASRYGIRGFSTIKIFQKGESPV,IRGFSTIKIFQKGES,HLA-DRB1*11:01,Consensus (smm/nn/sturniolo),0.34
5,PDIA6,p.P290S,5-IMP14,NQVLASRYGIRGFSTIKIFQKGESPV,RGFSTIKIFQKGESP,HLA-DRB1*11:01,Consensus (smm/nn/sturniolo),0.34
5,PDIA6,p.P290S,5-IMP14,NQVLASRYGIRGFSTIKIFQKGESPV,GFSTIKIFQKGESPV,HLA-DRB1*11:01,Consensus (smm/nn/sturniolo),0.49
5,PDIA6,p.P290S,5-IMP14,NQVLASRYGIRGFSTIKIFQKGESPV,YGIRGFSTIKIFQKG,HLA-DRB1*11:01,Consensus (smm/nn/sturniolo),0.66
5,PDIA6,p.P290S,5-IMP14,NQVLASRYGIRGFSTIKIFQKGESPV,RYGIRGFSTIKIFQK,HLA-DRB1*11:01,Consensus (smm/nn/sturniolo),0.68
5,PDIA6,p.P290S,5-IMP14,NQVLASRYGIRGFSTIKIFQKGESPV,GIRGFSTIKIFQKGE,HLA-DRB1*11:01,Consensus (smm/nn/sturniolo),0.86
5,PDIA6,p.P290S,5-IMP14,NQVLASRYGIRGFSTIKIFQKGESPV,SRYGIRGFSTIKIFQ,HLA-DRB1*11:01,Consensus (smm/nn/sturniolo),2.71
5,PDIA6,p.P290S,5-IMP14,NQVLASRYGIRGFSTIKIFQKGESPV,LASRYGIRGFSTIKI,HLA-DRB1*11:01,Consensus (smm/nn/sturniolo),2.81
5,PDIA6,p.P290S,5-IMP14,NQVLASRYGIRGFSTIKIFQKGESPV,ASRYGIRGFSTIKIF,HLA-DRB1*11:01,Consensus (smm/nn/sturniolo),3.57
5,PIK3R2,p.E5K,5-IMP24,MAGPKGFQYRALYPFRRER,KGFQYRALYPFRRER,HLA-DRB1*11:01,Consensus (smm/nn/sturniolo),0.78
5,PIK3R2,p.E5K,5-IMP24,MAGPKGFQYRALYPFRRER,GPKGFQYRALYPFRR,HLA-DRB1*11:01,Consensus (smm/nn/sturniolo),1.2
5,PIK3R2,p.E5K,5-IMP24,MAGPKGFQYRALYPFRRER,PKGFQYRALYPFRRE,HLA-DRB1*11:01,Consensus (smm/nn/sturniolo),1.2
5,PIK3R2,p.E5K,5-IMP24,MAGPKGFQYRALYPFRRER,KGFQYRALYPFRRER,HLA-DRB1*01:01,Consensus (comb.lib./smm/nn),3.72
5,PIK3R2,p.E5K,5-IMP24,MAGPKGFQYRALYPFRRER,PKGFQYRALYPFRRE,HLA-DRB1*01:01,Consensus (comb.lib./smm/nn),4.72
5,PIK3R2,p.E5K,5-IMP24,MAGPKGFQYRALYPFRRER,GPKGFQYRALYPFRR,HLA-DRB1*01:01,Consensus (comb.lib./smm/nn),5.5
5,PIK3R2,p.E5K,5-IMP24,MAGPKGFQYRALYPFRRER,AGPKGFQYRALYPFR,HLA-DRB1*11:01,Consensus (smm/nn/sturniolo),8.05
6,FAM50B,p.E78K,6-IMP18,VTLNDMKARQKALVRERERQLA,VTLNDMKARQKALVR,HLA-DRB1*03:01,Consensus (smm/nn/sturniolo),8.34
6,FAM50B,p.E78K,6-IMP18,VTLNDMKARQKALVRERERQLA,TLNDMKARQKALVRE,HLA-DRB1*03:01,Consensus (smm/nn/sturniolo),8.34
6,MLL,p.P3239L,6-IMP06,SRLQTRKNKKLALSSTPSNIAPSD,KNKKLALSSTPSNIA,HLA-DRB1*03:01,Consensus (smm/nn/sturniolo),5.64
6,MLL,p.P3239L,6-IMP06,SRLQTRKNKKLALSSTPSNIAPSD,NKKLALSSTPSNIAP,HLA-DRB1*03:01,Consensus (smm/nn/sturniolo),5.96
6,MLL,p.P3239L,6-IMP06,SRLQTRKNKKLALSSTPSNIAPSD,KKLALSSTPSNIAPS,HLA-DRB1*03:01,Consensus (smm/nn/sturniolo),5.96
6,MLL,p.P3239L,6-IMP06,SRLQTRKNKKLALSSTPSNIAPSD,RKNKKLALSSTPSNI,HLA-DRB1*03:01,Consensus (smm/nn/sturniolo),6.06
6,MLL,p.P3239L,6-IMP06,SRLQTRKNKKLALSSTPSNIAPSD,KLALSSTPSNIAPSD,HLA-DRB1*03:01,Consensus (smm/nn/sturniolo),7.33
6,MLL,p.P3239L,6-IMP06,SRLQTRKNKKLALSSTPSNIAPSD,TRKNKKLALSSTPSN,HLA-DRB1*03:01,Consensus (smm/nn/sturniolo),7.97
6,RALGAPB,NeoORF,6-IMP02,LNTGLFRIKFKEPLENLI,LNTGLFRIKFKEPLE,HLA-DRB1*03:01,Consensus (smm/nn/sturniolo),3.62
6,RALGAPB,NeoORF,6-IMP02,LNTGLFRIKFKEPLENLI,NTGLFRIKFKEPLEN,HLA-DRB1*03:01,Consensus (smm/nn/sturniolo),3.62
6,RALGAPB,NeoORF,6-IMP02,LNTGLFRIKFKEPLENLI,TGLFRIKFKEPLENL,HLA-DRB1*03:01,Consensus (smm/nn/sturniolo),3.62
6,RALGAPB,NeoORF,6-IMP02,LNTGLFRIKFKEPLENLI,GLFRIKFKEPLENLI,HLA-DRB1*03:01,Consensus (smm/nn/sturniolo),3.62
6,SMC4,p.L1262F,6-IMP17,SLRNNMFEISDRFIGIYKTYNITK,RNNMFEISDRFIGIY,HLA-DRB1*03:01,Consensus (smm/nn/sturniolo),3.47
6,SMC4,p.L1262F,6-IMP17,SLRNNMFEISDRFIGIYKTYNITK,NMFEISDRFIGIYKT,HLA-DRB1*03:01,Consensus (smm/nn/sturniolo),3.47
6,SMC4,p.L1262F,6-IMP17,SLRNNMFEISDRFIGIYKTYNITK,NNMFEISDRFIGIYK,HLA-DRB1*03:01,Consensus (smm/nn/sturniolo),3.5
6,SMC4,p.L1262F,6-IMP17,SLRNNMFEISDRFIGIYKTYNITK,LRNNMFEISDRFIGI,HLA-DRB1*03:01,Consensus (smm/nn/sturniolo),3.53
6,SMC4,p.L1262F,6-IMP17,SLRNNMFEISDRFIGIYKTYNITK,MFEISDRFIGIYKTY,HLA-DRB1*03:01,Consensus (smm/nn/sturniolo),6.01
6,SMC4,p.L1262F,6-IMP17,SLRNNMFEISDRFIGIYKTYNITK,SLRNNMFEISDRFIG,HLA-DRB1*03:01,Consensus (smm/nn/sturniolo),6.16
6,DNMT3A,p.E865K,6-IMP07,WCTEMKRVFGFPVHYTDVSNMS,VFGFPVHYTDVSNMS,HLA-DRB1*03:01,Consensus (smm/nn/sturniolo),7.62
6,PDE1C,p.L121F,6-IMP19,VKQLERGEASVVDFKKNLEYAAT,GEASVVDFKKNLEYA,HLA-DRB1*03:01,Consensus (smm/nn/sturniolo),7.96
6,PDE1C,p.L121F,6-IMP19,VKQLERGEASVVDFKKNLEYAAT,EASVVDFKKNLEYAA,HLA-DRB1*03:01,Consensus (smm/nn/sturniolo),8.32
6,PDE1C,p.L121F,6-IMP19,VKQLERGEASVVDFKKNLEYAAT,LERGEASVVDFKKNL,HLA-DRB1*03:01,Consensus (smm/nn/sturniolo),8.84
6,TEX2,p.P207L,6-IMP25,STEVEPKESPHLARHRHLMKTLVKSLST,ARHRHLMKTLVKSLS,HLA-DRB1*03:01,Consensus (smm/nn/sturniolo),1.55
6,TEX2,p.P207L,6-IMP25,STEVEPKESPHLARHRHLMKTLVKSLST,RHRHLMKTLVKSLST,HLA-DRB1*03:01,Consensus (smm/nn/sturniolo),1.55
6,TSHR,p.G464R,6-IMP12,LMSNLAFADFCMRMYL,MSNLAFADFCMRMYL,HLA-DRB1*03:01,Consensus (smm/nn/sturniolo),4.04
6,TSHR,p.G464R,6-IMP12,LMSNLAFADFCMRMYL,LMSNLAFADFCMRMY,HLA-DRB1*03:01,Consensus (smm/nn/sturniolo),7.99
6,KRIT1,p.R600C,6-IMP21,TKLKSKAPHWTNCILHEYKNLSTS,PHWTNCILHEYKNLS,HLA-DRB1*03:01,Consensus (smm/nn/sturniolo),4.36
6,KRIT1,p.R600C,6-IMP21,TKLKSKAPHWTNCILHEYKNLSTS,HWTNCILHEYKNLST,HLA-DRB1*03:01,Consensus (smm/nn/sturniolo),4.36
6,KRIT1,p.R600C,6-IMP21,TKLKSKAPHWTNCILHEYKNLSTS,WTNCILHEYKNLSTS,HLA-DRB1*03:01,Consensus (smm/nn/sturniolo),4.36
6,MGAT4B,p.P458L,6-IMP16,PAAGDFIRFRFFQLLRLERFF,IRFRFFQLLRLERFF,HLA-DQA1*05:01/DQB1*02:01,Consensus (comb.lib./smm/nn),5.62
6,MGAT4B,p.P458L,6-IMP16,PAAGDFIRFRFFQLLRLERFF,FIRFRFFQLLRLERF,HLA-DQA1*05:01/DQB1*02:01,Consensus (comb.lib./smm/nn),5.71
6,MGAT4B,p.P458L,6-IMP16,PAAGDFIRFRFFQLLRLERFF,FIRFRFFQLLRLERF,HLA-DRB1*03:01,Consensus (smm/nn/sturniolo),6.18
6,MGAT4B,p.P458L,6-IMP16,PAAGDFIRFRFFQLLRLERFF,IRFRFFQLLRLERFF,HLA-DRB1*03:01,Consensus (smm/nn/sturniolo),6.18
6,MGAT4B,p.P458L,6-IMP16,PAAGDFIRFRFFQLLRLERFF,DFIRFRFFQLLRLER,HLA-DRB1*03:01,Consensus (smm/nn/sturniolo),9.61
6,SETBP1,p.P1084S,6-IMP13,YLSHTLGAASSFMRPTVPPPQF,SHTLGAASSFMRPTV,HLA-DRB1*03:01,Consensus (smm/nn/sturniolo),7.06
6,SETBP1,p.P1084S,6-IMP13,YLSHTLGAASSFMRPTVPPPQF,LSHTLGAASSFMRPT,HLA-DRB1*03:01,Consensus (smm/nn/sturniolo),8.85
6,NCOA6,p.P1371R,6-IMP10,ALLQNVELRRNVLVSPTPLAN,VELRRNVLVSPTPLA,HLA-DRB1*03:01,Consensus (smm/nn/sturniolo),1.28
6,NCOA6,p.P1371R,6-IMP10,ALLQNVELRRNVLVSPTPLAN,ELRRNVLVSPTPLAN,HLA-DRB1*03:01,Consensus (smm/nn/sturniolo),1.28
6,NCOA6,p.P1371R,6-IMP10,ALLQNVELRRNVLVSPTPLAN,LLQNVELRRNVLVSP,HLA-DRB1*03:01,Consensus (smm/nn/sturniolo),2.22
6,NCOA6,p.P1371R,6-IMP10,ALLQNVELRRNVLVSPTPLAN,ALLQNVELRRNVLVS,HLA-DRB1*03:01,Consensus (smm/nn/sturniolo),2.58
6,NCOA6,p.P1371R,6-IMP10,ALLQNVELRRNVLVSPTPLAN,LQNVELRRNVLVSPT,HLA-DRB1*03:01,Consensus (smm/nn/sturniolo),6.67
6,NCOA6,p.P1371R,6-IMP10,ALLQNVELRRNVLVSPTPLAN,QNVELRRNVLVSPTP,HLA-DRB1*03:01,Consensus (smm/nn/sturniolo),7.44
6,TBX10,p.D256N,6-IMP23,FAKGFRESDLNSWPVAPRPLLSV,ESDLNSWPVAPRPLL,HLA-DRB1*03:01,Consensus (smm/nn/sturniolo),8.34
6,TBX10,p.D256N,6-IMP23,FAKGFRESDLNSWPVAPRPLLSV,SDLNSWPVAPRPLLS,HLA-DRB1*03:01,Consensus (smm/nn/sturniolo),8.34
6,TBX10,p.D256N,6-IMP23,FAKGFRESDLNSWPVAPRPLLSV,DLNSWPVAPRPLLSV,HLA-DRB1*03:01,Consensus (smm/nn/sturniolo),8.34
6,TNS1,NeoORF,6-IMP05,GLTRISIQRAQPLPPCLPSFRPPTALQGLS,GLTRISIQRAQPLPP,HLA-DRB1*03:01,Consensus (smm/nn/sturniolo),5.24
6,TNS1,NeoORF,6-IMP05,GLTRISIQRAQPLPPCLPSFRPPTALQGLS,LTRISIQRAQPLPPC,HLA-DRB1*03:01,Consensus (smm/nn/sturniolo),5.24
6,TNS1,NeoORF,6-IMP05,GLTRISIQRAQPLPPCLPSFRPPTALQGLS,TRISIQRAQPLPPCL,HLA-DRB1*03:01,Consensus (smm/nn/sturniolo),5.24
6,TNS1,NeoORF,6-IMP05,GLTRISIQRAQPLPPCLPSFRPPTALQGLS,RISIQRAQPLPPCLP,HLA-DRB1*03:01,Consensus (smm/nn/sturniolo),5.24
6,TNS1,NeoORF,6-IMP05,GLTRISIQRAQPLPPCLPSFRPPTALQGLS,ISIQRAQPLPPCLPS,HLA-DRB1*03:01,Consensus (smm/nn/sturniolo),5.24
6,TNS1,NeoORF,6-IMP05,GLTRISIQRAQPLPPCLPSFRPPTALQGLS,IQRAQPLPPCLPSFR,HLA-DRB1*03:01,Consensus (smm/nn/sturniolo),7.96
6,TNS1,NeoORF,6-IMP05,GLTRISIQRAQPLPPCLPSFRPPTALQGLS,SIQRAQPLPPCLPSF,HLA-DRB1*03:01,Consensus (smm/nn/sturniolo),8.05
6,ATP5J2-PTCD1,p.R57Q,6-IMP30,TGKPEMDFVRLAQLFARARPMGLF,VRLAQLFARARPMGL,HLA-DRB1*03:01,Consensus (smm/nn/sturniolo),2.12
6,ATP5J2-PTCD1,p.R57Q,6-IMP30,TGKPEMDFVRLAQLFARARPMGLF,EMDFVRLAQLFARAR,HLA-DRB1*03:01,Consensus (smm/nn/sturniolo),2.7
6,ATP5J2-PTCD1,p.R57Q,6-IMP30,TGKPEMDFVRLAQLFARARPMGLF,KPEMDFVRLAQLFAR,HLA-DRB1*03:01,Consensus (smm/nn/sturniolo),2.76
6,ATP5J2-PTCD1,p.R57Q,6-IMP30,TGKPEMDFVRLAQLFARARPMGLF,PEMDFVRLAQLFARA,HLA-DRB1*03:01,Consensus (smm/nn/sturniolo),2.76
6,ATP5J2-PTCD1,p.R57Q,6-IMP30,TGKPEMDFVRLAQLFARARPMGLF,MDFVRLAQLFARARP,HLA-DRB1*03:01,Consensus (smm/nn/sturniolo),2.84
6,ATP5J2-PTCD1,p.R57Q,6-IMP30,TGKPEMDFVRLAQLFARARPMGLF,DFVRLAQLFARARPM,HLA-DRB1*03:01,Consensus (smm/nn/sturniolo),2.92
6,ATP5J2-PTCD1,p.R57Q,6-IMP30,TGKPEMDFVRLAQLFARARPMGLF,RLAQLFARARPMGLF,HLA-DRB1*03:01,Consensus (smm/nn/sturniolo),4.38
6,ATP5J2-PTCD1,p.R57Q,6-IMP30,TGKPEMDFVRLAQLFARARPMGLF,GKPEMDFVRLAQLFA,HLA-DQA1*05:01/DQB1*02:01,Consensus (comb.lib./smm/nn),6.9
6,ATP5J2-PTCD1,p.R57Q,6-IMP30,TGKPEMDFVRLAQLFARARPMGLF,KPEMDFVRLAQLFAR,HLA-DQA1*05:01/DQB1*02:01,Consensus (comb.lib./smm/nn),7.59
6,ATP5J2-PTCD1,p.R57Q,6-IMP30,TGKPEMDFVRLAQLFARARPMGLF,TGKPEMDFVRLAQLF,HLA-DRB1*03:01,Consensus (smm/nn/sturniolo),7.65
6,ATP5J2-PTCD1,p.R57Q,6-IMP30,TGKPEMDFVRLAQLFARARPMGLF,FVRLAQLFARARPMG,HLA-DRB1*03:01,Consensus (smm/nn/sturniolo),8.09
6,ATP5J2-PTCD1,p.R57Q,6-IMP30,TGKPEMDFVRLAQLFARARPMGLF,GKPEMDFVRLAQLFA,HLA-DRB1*03:01,Consensus (smm/nn/sturniolo),8.34
6,ATP5J2-PTCD1,p.R57Q,6-IMP30,TGKPEMDFVRLAQLFARARPMGLF,PEMDFVRLAQLFARA,HLA-DQA1*05:01/DQB1*02:01,Consensus (comb.lib./smm/nn),8.38
6,ATP5J2-PTCD1,p.R57Q,6-IMP30,TGKPEMDFVRLAQLFARARPMGLF,EMDFVRLAQLFARAR,HLA-DQA1*05:01/DQB1*02:01,Consensus (comb.lib./smm/nn),8.38
6,DCUN1D4,p.E325K,6-IMP28,DGAWPVLLDKFVEWYKDKQMS,DGAWPVLLDKFVEWY,HLA-DRB1*03:01,Consensus (smm/nn/sturniolo),6.18
6,DCUN1D4,p.E325K,6-IMP28,DGAWPVLLDKFVEWYKDKQMS,GAWPVLLDKFVEWYK,HLA-DRB1*03:01,Consensus (smm/nn/sturniolo),6.18
6,DCUN1D4,p.E325K,6-IMP28,DGAWPVLLDKFVEWYKDKQMS,AWPVLLDKFVEWYKD,HLA-DRB1*03:01,Consensus (smm/nn/sturniolo),6.18
6,DCUN1D4,p.E325K,6-IMP28,DGAWPVLLDKFVEWYKDKQMS,WPVLLDKFVEWYKDK,HLA-DRB1*03:01,Consensus (smm/nn/sturniolo),6.18
6,DCUN1D4,p.E325K,6-IMP28,DGAWPVLLDKFVEWYKDKQMS,PVLLDKFVEWYKDKQ,HLA-DRB1*03:01,Consensus (smm/nn/sturniolo),6.18
6,DCUN1D4,p.E325K,6-IMP28,DGAWPVLLDKFVEWYKDKQMS,VLLDKFVEWYKDKQM,HLA-DRB1*03:01,Consensus (smm/nn/sturniolo),7.03